file	component_start	component_end	component_lines	statement_index	statement_kind	start	end	lines	return_jsx
admin/components/test-editor-wizard.tsx	3193	4668	1476	1	FirstStatement	3200	3200	1	false
admin/components/test-editor-wizard.tsx	3193	4668	1476	2	FirstStatement	3201	3201	1	false
admin/components/test-editor-wizard.tsx	3193	4668	1476	3	FirstStatement	3202	3202	1	false
admin/components/test-editor-wizard.tsx	3193	4668	1476	4	FirstStatement	3203	3203	1	false
admin/components/test-editor-wizard.tsx	3193	4668	1476	5	FirstStatement	3204	3204	1	false
admin/components/test-editor-wizard.tsx	3193	4668	1476	6	FirstStatement	3205	3205	1	false
admin/components/test-editor-wizard.tsx	3193	4668	1476	7	FirstStatement	3206	3206	1	false
admin/components/test-editor-wizard.tsx	3193	4668	1476	8	FirstStatement	3207	3207	1	false
admin/components/test-editor-wizard.tsx	3193	4668	1476	9	FirstStatement	3208	3208	1	false
admin/components/test-editor-wizard.tsx	3193	4668	1476	10	FirstStatement	3209	3209	1	false
admin/components/test-editor-wizard.tsx	3193	4668	1476	11	FirstStatement	3210	3210	1	false
admin/components/test-editor-wizard.tsx	3193	4668	1476	12	FirstStatement	3211	3211	1	false
admin/components/test-editor-wizard.tsx	3193	4668	1476	13	FirstStatement	3212	3212	1	false
admin/components/test-editor-wizard.tsx	3193	4668	1476	14	FirstStatement	3213	3213	1	false
admin/components/test-editor-wizard.tsx	3193	4668	1476	15	FirstStatement	3214	3214	1	false
admin/components/test-editor-wizard.tsx	3193	4668	1476	16	FirstStatement	3215	3215	1	false
admin/components/test-editor-wizard.tsx	3193	4668	1476	17	FirstStatement	3216	3216	1	false
admin/components/test-editor-wizard.tsx	3193	4668	1476	18	FirstStatement	3217	3217	1	false
admin/components/test-editor-wizard.tsx	3193	4668	1476	19	FirstStatement	3218	3218	1	false
admin/components/test-editor-wizard.tsx	3193	4668	1476	20	ExpressionStatement	3220	3254	35	false
admin/components/test-editor-wizard.tsx	3193	4668	1476	21	ExpressionStatement	3256	3263	8	false
admin/components/test-editor-wizard.tsx	3193	4668	1476	22	ExpressionStatement	3265	3275	11	false
admin/components/test-editor-wizard.tsx	3193	4668	1476	23	ExpressionStatement	3277	3284	8	false
admin/components/test-editor-wizard.tsx	3193	4668	1476	24	ExpressionStatement	3286	3289	4	false
admin/components/test-editor-wizard.tsx	3193	4668	1476	25	ExpressionStatement	3291	3323	33	false
admin/components/test-editor-wizard.tsx	3193	4668	1476	26	ExpressionStatement	3325	3355	31	false
admin/components/test-editor-wizard.tsx	3193	4668	1476	27	FirstStatement	3357	3388	32	false
admin/components/test-editor-wizard.tsx	3193	4668	1476	28	FirstStatement	3390	3406	17	false
admin/components/test-editor-wizard.tsx	3193	4668	1476	29	FirstStatement	3408	3413	6	false
admin/components/test-editor-wizard.tsx	3193	4668	1476	30	FirstStatement	3415	3423	9	false
admin/components/test-editor-wizard.tsx	3193	4668	1476	31	FirstStatement	3425	3446	22	false
admin/components/test-editor-wizard.tsx	3193	4668	1476	32	FirstStatement	3448	3633	186	false
admin/components/test-editor-wizard.tsx	3193	4668	1476	33	FirstStatement	3635	3645	11	false
admin/components/test-editor-wizard.tsx	3193	4668	1476	34	FirstStatement	3647	3658	12	false
admin/components/test-editor-wizard.tsx	3193	4668	1476	35	FirstStatement	3660	3671	12	false
admin/components/test-editor-wizard.tsx	3193	4668	1476	36	FirstStatement	3675	3689	15	false
admin/components/test-editor-wizard.tsx	3193	4668	1476	37	FirstStatement	3691	3702	12	false
admin/components/test-editor-wizard.tsx	3193	4668	1476	38	FirstStatement	3704	3711	8	false
admin/components/test-editor-wizard.tsx	3193	4668	1476	39	ExpressionStatement	3713	3729	17	false
admin/components/test-editor-wizard.tsx	3193	4668	1476	40	FirstStatement	3731	3760	30	false
admin/components/test-editor-wizard.tsx	3193	4668	1476	41	FirstStatement	3762	3770	9	false
admin/components/test-editor-wizard.tsx	3193	4668	1476	42	FirstStatement	3772	3772	1	false
admin/components/test-editor-wizard.tsx	3193	4668	1476	43	FirstStatement	3773	3773	1	false
admin/components/test-editor-wizard.tsx	3193	4668	1476	44	FirstStatement	3774	3774	1	false
admin/components/test-editor-wizard.tsx	3193	4668	1476	45	FirstStatement	3776	3793	18	false
admin/components/test-editor-wizard.tsx	3193	4668	1476	46	FirstStatement	3795	3797	3	false
admin/components/test-editor-wizard.tsx	3193	4668	1476	47	FirstStatement	3799	3799	1	false
admin/components/test-editor-wizard.tsx	3193	4668	1476	48	FirstStatement	3800	3800	1	false
admin/components/test-editor-wizard.tsx	3193	4668	1476	49	FirstStatement	3801	3805	5	false
admin/components/test-editor-wizard.tsx	3193	4668	1476	50	ExpressionStatement	3807	3840	34	false
admin/components/test-editor-wizard.tsx	3193	4668	1476	51	FirstStatement	3842	3847	6	false
admin/components/test-editor-wizard.tsx	3193	4668	1476	52	FirstStatement	3849	3879	31	false
admin/components/test-editor-wizard.tsx	3193	4668	1476	53	FirstStatement	3881	3925	45	false
admin/components/test-editor-wizard.tsx	3193	4668	1476	54	FirstStatement	3927	3950	24	false
admin/components/test-editor-wizard.tsx	3193	4668	1476	55	ReturnStatement	3952	4667	716	true
frontend/components/exam/reading-exam-preview.tsx	996	5265	4270	1	FirstStatement	997	997	1	false
frontend/components/exam/reading-exam-preview.tsx	996	5265	4270	2	FirstStatement	998	998	1	false
frontend/components/exam/reading-exam-preview.tsx	996	5265	4270	3	FirstStatement	999	999	1	false
frontend/components/exam/reading-exam-preview.tsx	996	5265	4270	4	FirstStatement	1000	1000	1	false
frontend/components/exam/reading-exam-preview.tsx	996	5265	4270	5	FirstStatement	1001	1001	1	false
frontend/components/exam/reading-exam-preview.tsx	996	5265	4270	6	FirstStatement	1002	1002	1	false
frontend/components/exam/reading-exam-preview.tsx	996	5265	4270	7	FirstStatement	1003	1003	1	false
frontend/components/exam/reading-exam-preview.tsx	996	5265	4270	8	FirstStatement	1004	1004	1	false
frontend/components/exam/reading-exam-preview.tsx	996	5265	4270	9	FirstStatement	1005	1005	1	false
frontend/components/exam/reading-exam-preview.tsx	996	5265	4270	10	FirstStatement	1006	1006	1	false
frontend/components/exam/reading-exam-preview.tsx	996	5265	4270	11	FirstStatement	1007	1007	1	false
frontend/components/exam/reading-exam-preview.tsx	996	5265	4270	12	FirstStatement	1008	1011	4	false
frontend/components/exam/reading-exam-preview.tsx	996	5265	4270	13	FirstStatement	1012	1012	1	false
frontend/components/exam/reading-exam-preview.tsx	996	5265	4270	14	FirstStatement	1013	1013	1	false
frontend/components/exam/reading-exam-preview.tsx	996	5265	4270	15	FirstStatement	1014	1014	1	false
frontend/components/exam/reading-exam-preview.tsx	996	5265	4270	16	FirstStatement	1015	1015	1	false
frontend/components/exam/reading-exam-preview.tsx	996	5265	4270	17	FirstStatement	1016	1016	1	false
frontend/components/exam/reading-exam-preview.tsx	996	5265	4270	18	FirstStatement	1017	1017	1	false
frontend/components/exam/reading-exam-preview.tsx	996	5265	4270	19	FirstStatement	1018	1018	1	false
frontend/components/exam/reading-exam-preview.tsx	996	5265	4270	20	FirstStatement	1019	1023	5	false
frontend/components/exam/reading-exam-preview.tsx	996	5265	4270	21	FirstStatement	1024	1024	1	false
frontend/components/exam/reading-exam-preview.tsx	996	5265	4270	22	FirstStatement	1025	1025	1	false
frontend/components/exam/reading-exam-preview.tsx	996	5265	4270	23	FirstStatement	1026	1026	1	false
frontend/components/exam/reading-exam-preview.tsx	996	5265	4270	24	FirstStatement	1027	1027	1	false
frontend/components/exam/reading-exam-preview.tsx	996	5265	4270	25	FirstStatement	1028	1028	1	false
frontend/components/exam/reading-exam-preview.tsx	996	5265	4270	26	FirstStatement	1029	1029	1	false
frontend/components/exam/reading-exam-preview.tsx	996	5265	4270	27	FirstStatement	1030	1030	1	false
frontend/components/exam/reading-exam-preview.tsx	996	5265	4270	28	FirstStatement	1031	1031	1	false
frontend/components/exam/reading-exam-preview.tsx	996	5265	4270	29	FirstStatement	1032	1032	1	false
frontend/components/exam/reading-exam-preview.tsx	996	5265	4270	30	FirstStatement	1033	1033	1	false
frontend/components/exam/reading-exam-preview.tsx	996	5265	4270	31	FirstStatement	1034	1034	1	false
frontend/components/exam/reading-exam-preview.tsx	996	5265	4270	32	FirstStatement	1035	1035	1	false
frontend/components/exam/reading-exam-preview.tsx	996	5265	4270	33	FirstStatement	1036	1036	1	false
frontend/components/exam/reading-exam-preview.tsx	996	5265	4270	34	FirstStatement	1037	1039	3	false
frontend/components/exam/reading-exam-preview.tsx	996	5265	4270	35	FirstStatement	1040	1040	1	false
frontend/components/exam/reading-exam-preview.tsx	996	5265	4270	36	FirstStatement	1041	1041	1	false
frontend/components/exam/reading-exam-preview.tsx	996	5265	4270	37	FirstStatement	1042	1042	1	false
frontend/components/exam/reading-exam-preview.tsx	996	5265	4270	38	FirstStatement	1043	1043	1	false
frontend/components/exam/reading-exam-preview.tsx	996	5265	4270	39	FirstStatement	1044	1044	1	false
frontend/components/exam/reading-exam-preview.tsx	996	5265	4270	40	FirstStatement	1045	1045	1	false
frontend/components/exam/reading-exam-preview.tsx	996	5265	4270	41	FirstStatement	1046	1046	1	false
frontend/components/exam/reading-exam-preview.tsx	996	5265	4270	42	FirstStatement	1047	1052	6	false
frontend/components/exam/reading-exam-preview.tsx	996	5265	4270	43	FirstStatement	1053	1053	1	false
frontend/components/exam/reading-exam-preview.tsx	996	5265	4270	44	FirstStatement	1054	1054	1	false
frontend/components/exam/reading-exam-preview.tsx	996	5265	4270	45	FirstStatement	1055	1055	1	false
frontend/components/exam/reading-exam-preview.tsx	996	5265	4270	46	FirstStatement	1056	1056	1	false
frontend/components/exam/reading-exam-preview.tsx	996	5265	4270	47	FirstStatement	1057	1057	1	false
frontend/components/exam/reading-exam-preview.tsx	996	5265	4270	48	FirstStatement	1058	1058	1	false
frontend/components/exam/reading-exam-preview.tsx	996	5265	4270	49	FirstStatement	1059	1059	1	false
frontend/components/exam/reading-exam-preview.tsx	996	5265	4270	50	FirstStatement	1060	1062	3	false
frontend/components/exam/reading-exam-preview.tsx	996	5265	4270	51	FirstStatement	1063	1073	11	false
frontend/components/exam/reading-exam-preview.tsx	996	5265	4270	52	FirstStatement	1074	1074	1	false
frontend/components/exam/reading-exam-preview.tsx	996	5265	4270	53	FirstStatement	1075	1075	1	false
frontend/components/exam/reading-exam-preview.tsx	996	5265	4270	54	FirstStatement	1076	1076	1	false
frontend/components/exam/reading-exam-preview.tsx	996	5265	4270	55	FunctionDeclaration	1078	1081	4	false
frontend/components/exam/reading-exam-preview.tsx	996	5265	4270	56	FirstStatement	1082	1082	1	false
frontend/components/exam/reading-exam-preview.tsx	996	5265	4270	57	FirstStatement	1083	1083	1	false
frontend/components/exam/reading-exam-preview.tsx	996	5265	4270	58	FirstStatement	1084	1084	1	false
frontend/components/exam/reading-exam-preview.tsx	996	5265	4270	59	FirstStatement	1085	1085	1	false
frontend/components/exam/reading-exam-preview.tsx	996	5265	4270	60	FirstStatement	1086	1086	1	false
frontend/components/exam/reading-exam-preview.tsx	996	5265	4270	61	FirstStatement	1087	1087	1	false
frontend/components/exam/reading-exam-preview.tsx	996	5265	4270	62	FirstStatement	1088	1090	3	false
frontend/components/exam/reading-exam-preview.tsx	996	5265	4270	63	FirstStatement	1091	1091	1	false
frontend/components/exam/reading-exam-preview.tsx	996	5265	4270	64	FirstStatement	1092	1092	1	false
frontend/components/exam/reading-exam-preview.tsx	996	5265	4270	65	FirstStatement	1093	1093	1	false
frontend/components/exam/reading-exam-preview.tsx	996	5265	4270	66	FirstStatement	1094	1111	18	false
frontend/components/exam/reading-exam-preview.tsx	996	5265	4270	67	FunctionDeclaration	1113	1131	19	false
frontend/components/exam/reading-exam-preview.tsx	996	5265	4270	68	FirstStatement	1132	1139	8	false
frontend/components/exam/reading-exam-preview.tsx	996	5265	4270	69	FirstStatement	1140	1140	1	false
frontend/components/exam/reading-exam-preview.tsx	996	5265	4270	70	FirstStatement	1141	1229	89	false
frontend/components/exam/reading-exam-preview.tsx	996	5265	4270	71	FirstStatement	1230	1233	4	false
frontend/components/exam/reading-exam-preview.tsx	996	5265	4270	72	FirstStatement	1234	1234	1	false
frontend/components/exam/reading-exam-preview.tsx	996	5265	4270	73	FirstStatement	1235	1235	1	false
frontend/components/exam/reading-exam-preview.tsx	996	5265	4270	74	FirstStatement	1236	1236	1	false
frontend/components/exam/reading-exam-preview.tsx	996	5265	4270	75	FirstStatement	1237	1237	1	false
frontend/components/exam/reading-exam-preview.tsx	996	5265	4270	76	FirstStatement	1238	1238	1	false
frontend/components/exam/reading-exam-preview.tsx	996	5265	4270	77	FirstStatement	1239	1239	1	false
frontend/components/exam/reading-exam-preview.tsx	996	5265	4270	78	FirstStatement	1240	1240	1	false
frontend/components/exam/reading-exam-preview.tsx	996	5265	4270	79	FirstStatement	1241	1241	1	false
frontend/components/exam/reading-exam-preview.tsx	996	5265	4270	80	FirstStatement	1242	1244	3	false
frontend/components/exam/reading-exam-preview.tsx	996	5265	4270	81	FirstStatement	1245	1245	1	false
frontend/components/exam/reading-exam-preview.tsx	996	5265	4270	82	FirstStatement	1246	1246	1	false
frontend/components/exam/reading-exam-preview.tsx	996	5265	4270	83	FirstStatement	1247	1250	4	false
frontend/components/exam/reading-exam-preview.tsx	996	5265	4270	84	FirstStatement	1251	1251	1	false
frontend/components/exam/reading-exam-preview.tsx	996	5265	4270	85	FirstStatement	1254	1266	13	false
frontend/components/exam/reading-exam-preview.tsx	996	5265	4270	86	FirstStatement	1267	1267	1	false
frontend/components/exam/reading-exam-preview.tsx	996	5265	4270	87	FirstStatement	1268	1268	1	false
frontend/components/exam/reading-exam-preview.tsx	996	5265	4270	88	FirstStatement	1269	1269	1	false
frontend/components/exam/reading-exam-preview.tsx	996	5265	4270	89	ExpressionStatement	1271	1273	3	false
frontend/components/exam/reading-exam-preview.tsx	996	5265	4270	90	ExpressionStatement	1275	1292	18	false
frontend/components/exam/reading-exam-preview.tsx	996	5265	4270	91	ExpressionStatement	1294	1380	87	false
frontend/components/exam/reading-exam-preview.tsx	996	5265	4270	92	ExpressionStatement	1382	1410	29	false
frontend/components/exam/reading-exam-preview.tsx	996	5265	4270	93	ExpressionStatement	1412	1482	71	false
frontend/components/exam/reading-exam-preview.tsx	996	5265	4270	94	ExpressionStatement	1484	1516	33	false
frontend/components/exam/reading-exam-preview.tsx	996	5265	4270	95	ExpressionStatement	1518	1525	8	false
frontend/components/exam/reading-exam-preview.tsx	996	5265	4270	96	ExpressionStatement	1527	1535	9	false
frontend/components/exam/reading-exam-preview.tsx	996	5265	4270	97	ExpressionStatement	1537	1551	15	false
frontend/components/exam/reading-exam-preview.tsx	996	5265	4270	98	FirstStatement	1553	1556	4	false
frontend/components/exam/reading-exam-preview.tsx	996	5265	4270	99	FirstStatement	1557	1560	4	false
frontend/components/exam/reading-exam-preview.tsx	996	5265	4270	100	FirstStatement	1561	1564	4	false
frontend/components/exam/reading-exam-preview.tsx	996	5265	4270	101	FirstStatement	1565	1568	4	false
frontend/components/exam/reading-exam-preview.tsx	996	5265	4270	102	FirstStatement	1569	1591	23	false
frontend/components/exam/reading-exam-preview.tsx	996	5265	4270	103	FirstStatement	1592	1609	18	false
frontend/components/exam/reading-exam-preview.tsx	996	5265	4270	104	FirstStatement	1610	1634	25	false
frontend/components/exam/reading-exam-preview.tsx	996	5265	4270	105	FirstStatement	1635	1655	21	false
frontend/components/exam/reading-exam-preview.tsx	996	5265	4270	106	FirstStatement	1656	1656	1	false
frontend/components/exam/reading-exam-preview.tsx	996	5265	4270	107	FirstStatement	1657	1657	1	false
frontend/components/exam/reading-exam-preview.tsx	996	5265	4270	108	FirstStatement	1658	1658	1	false
frontend/components/exam/reading-exam-preview.tsx	996	5265	4270	109	FirstStatement	1659	1659	1	false
frontend/components/exam/reading-exam-preview.tsx	996	5265	4270	110	FirstStatement	1660	1660	1	false
frontend/components/exam/reading-exam-preview.tsx	996	5265	4270	111	FirstStatement	1661	1665	5	false
frontend/components/exam/reading-exam-preview.tsx	996	5265	4270	112	FirstStatement	1666	1666	1	false
frontend/components/exam/reading-exam-preview.tsx	996	5265	4270	113	FirstStatement	1667	1671	5	false
frontend/components/exam/reading-exam-preview.tsx	996	5265	4270	114	FirstStatement	1672	1672	1	false
frontend/components/exam/reading-exam-preview.tsx	996	5265	4270	115	FirstStatement	1673	1673	1	false
frontend/components/exam/reading-exam-preview.tsx	996	5265	4270	116	FirstStatement	1674	1676	3	false
frontend/components/exam/reading-exam-preview.tsx	996	5265	4270	117	FirstStatement	1677	1679	3	false
frontend/components/exam/reading-exam-preview.tsx	996	5265	4270	118	FirstStatement	1680	1682	3	false
frontend/components/exam/reading-exam-preview.tsx	996	5265	4270	119	FirstStatement	1683	1684	2	false
frontend/components/exam/reading-exam-preview.tsx	996	5265	4270	120	FirstStatement	1685	1686	2	false
frontend/components/exam/reading-exam-preview.tsx	996	5265	4270	121	FirstStatement	1687	1687	1	false
frontend/components/exam/reading-exam-preview.tsx	996	5265	4270	122	FirstStatement	1688	1691	4	false
frontend/components/exam/reading-exam-preview.tsx	996	5265	4270	123	FirstStatement	1692	1704	13	false
frontend/components/exam/reading-exam-preview.tsx	996	5265	4270	124	FirstStatement	1705	1705	1	false
frontend/components/exam/reading-exam-preview.tsx	996	5265	4270	125	FunctionDeclaration	1707	1729	23	false
frontend/components/exam/reading-exam-preview.tsx	996	5265	4270	126	FunctionDeclaration	1731	1747	17	false
frontend/components/exam/reading-exam-preview.tsx	996	5265	4270	127	FunctionDeclaration	1749	1756	8	false
frontend/components/exam/reading-exam-preview.tsx	996	5265	4270	128	ExpressionStatement	1758	1762	5	false
frontend/components/exam/reading-exam-preview.tsx	996	5265	4270	129	ExpressionStatement	1764	1768	5	false
frontend/components/exam/reading-exam-preview.tsx	996	5265	4270	130	ExpressionStatement	1770	1778	9	false
frontend/components/exam/reading-exam-preview.tsx	996	5265	4270	131	FunctionDeclaration	1780	1782	3	false
frontend/components/exam/reading-exam-preview.tsx	996	5265	4270	132	FunctionDeclaration	1784	1786	3	false
frontend/components/exam/reading-exam-preview.tsx	996	5265	4270	133	FunctionDeclaration	1788	1791	4	false
frontend/components/exam/reading-exam-preview.tsx	996	5265	4270	134	FunctionDeclaration	1793	1800	8	false
frontend/components/exam/reading-exam-preview.tsx	996	5265	4270	135	FunctionDeclaration	1802	1810	9	false
frontend/components/exam/reading-exam-preview.tsx	996	5265	4270	136	FunctionDeclaration	1812	1829	18	false
frontend/components/exam/reading-exam-preview.tsx	996	5265	4270	137	FunctionDeclaration	1831	1834	4	false
frontend/components/exam/reading-exam-preview.tsx	996	5265	4270	138	FunctionDeclaration	1836	1850	15	false
frontend/components/exam/reading-exam-preview.tsx	996	5265	4270	139	ExpressionStatement	1852	1854	3	false
frontend/components/exam/reading-exam-preview.tsx	996	5265	4270	140	ExpressionStatement	1856	1858	3	false
frontend/components/exam/reading-exam-preview.tsx	996	5265	4270	141	ExpressionStatement	1860	1865	6	false
frontend/components/exam/reading-exam-preview.tsx	996	5265	4270	142	ExpressionStatement	1867	1878	12	false
frontend/components/exam/reading-exam-preview.tsx	996	5265	4270	143	FunctionDeclaration	1880	1911	32	false
frontend/components/exam/reading-exam-preview.tsx	996	5265	4270	144	FunctionDeclaration	1913	1925	13	false
frontend/components/exam/reading-exam-preview.tsx	996	5265	4270	145	FunctionDeclaration	1927	1968	42	false
frontend/components/exam/reading-exam-preview.tsx	996	5265	4270	146	FunctionDeclaration	1970	1976	7	false
frontend/components/exam/reading-exam-preview.tsx	996	5265	4270	147	FunctionDeclaration	1978	1982	5	false
frontend/components/exam/reading-exam-preview.tsx	996	5265	4270	148	ExpressionStatement	1984	1989	6	false
frontend/components/exam/reading-exam-preview.tsx	996	5265	4270	149	ExpressionStatement	1991	2003	13	false
frontend/components/exam/reading-exam-preview.tsx	996	5265	4270	150	ExpressionStatement	2005	2014	10	false
frontend/components/exam/reading-exam-preview.tsx	996	5265	4270	151	FunctionDeclaration	2016	2021	6	false
frontend/components/exam/reading-exam-preview.tsx	996	5265	4270	152	FunctionDeclaration	2023	2030	8	false
frontend/components/exam/reading-exam-preview.tsx	996	5265	4270	153	FunctionDeclaration	2032	2044	13	false
frontend/components/exam/reading-exam-preview.tsx	996	5265	4270	154	FunctionDeclaration	2046	2095	50	false
frontend/components/exam/reading-exam-preview.tsx	996	5265	4270	155	FunctionDeclaration	2097	2138	42	false
frontend/components/exam/reading-exam-preview.tsx	996	5265	4270	156	FunctionDeclaration	2140	2158	19	false
frontend/components/exam/reading-exam-preview.tsx	996	5265	4270	157	FunctionDeclaration	2160	2182	23	false
frontend/components/exam/reading-exam-preview.tsx	996	5265	4270	158	FunctionDeclaration	2184	2196	13	false
frontend/components/exam/reading-exam-preview.tsx	996	5265	4270	159	FunctionDeclaration	2198	2205	8	false
frontend/components/exam/reading-exam-preview.tsx	996	5265	4270	160	FunctionDeclaration	2207	2214	8	false
frontend/components/exam/reading-exam-preview.tsx	996	5265	4270	161	FunctionDeclaration	2216	2224	9	false
frontend/components/exam/reading-exam-preview.tsx	996	5265	4270	162	FunctionDeclaration	2226	2237	12	false
frontend/components/exam/reading-exam-preview.tsx	996	5265	4270	163	FunctionDeclaration	2239	2264	26	false
frontend/components/exam/reading-exam-preview.tsx	996	5265	4270	164	FunctionDeclaration	2266	2280	15	false
frontend/components/exam/reading-exam-preview.tsx	996	5265	4270	165	FirstStatement	2282	2284	3	false
frontend/components/exam/reading-exam-preview.tsx	996	5265	4270	166	ExpressionStatement	2286	2316	31	false
frontend/components/exam/reading-exam-preview.tsx	996	5265	4270	167	ExpressionStatement	2318	2366	49	false
frontend/components/exam/reading-exam-preview.tsx	996	5265	4270	168	FunctionDeclaration	2368	2389	22	false
frontend/components/exam/reading-exam-preview.tsx	996	5265	4270	169	FunctionDeclaration	2391	2394	4	false
frontend/components/exam/reading-exam-preview.tsx	996	5265	4270	170	FunctionDeclaration	2396	2399	4	false
frontend/components/exam/reading-exam-preview.tsx	996	5265	4270	171	FunctionDeclaration	2401	2404	4	false
frontend/components/exam/reading-exam-preview.tsx	996	5265	4270	172	FunctionDeclaration	2406	2408	3	false
frontend/components/exam/reading-exam-preview.tsx	996	5265	4270	173	FunctionDeclaration	2410	2443	34	false
frontend/components/exam/reading-exam-preview.tsx	996	5265	4270	174	FunctionDeclaration	2445	2459	15	false
frontend/components/exam/reading-exam-preview.tsx	996	5265	4270	175	FunctionDeclaration	2461	2482	22	false
frontend/components/exam/reading-exam-preview.tsx	996	5265	4270	176	FunctionDeclaration	2484	2501	18	false
frontend/components/exam/reading-exam-preview.tsx	996	5265	4270	177	FunctionDeclaration	2503	2509	7	false
frontend/components/exam/reading-exam-preview.tsx	996	5265	4270	178	FunctionDeclaration	2511	2523	13	false
frontend/components/exam/reading-exam-preview.tsx	996	5265	4270	179	FunctionDeclaration	2525	2533	9	false
frontend/components/exam/reading-exam-preview.tsx	996	5265	4270	180	FunctionDeclaration	2535	2547	13	false
frontend/components/exam/reading-exam-preview.tsx	996	5265	4270	181	FunctionDeclaration	2549	2557	9	false
frontend/components/exam/reading-exam-preview.tsx	996	5265	4270	182	FunctionDeclaration	2559	2640	82	false
frontend/components/exam/reading-exam-preview.tsx	996	5265	4270	183	FunctionDeclaration	2642	2721	80	false
frontend/components/exam/reading-exam-preview.tsx	996	5265	4270	184	FunctionDeclaration	2723	2932	210	false
frontend/components/exam/reading-exam-preview.tsx	996	5265	4270	185	FunctionDeclaration	2934	2936	3	false
frontend/components/exam/reading-exam-preview.tsx	996	5265	4270	186	FunctionDeclaration	2938	2969	32	false
frontend/components/exam/reading-exam-preview.tsx	996	5265	4270	187	ExpressionStatement	2971	2985	15	false
frontend/components/exam/reading-exam-preview.tsx	996	5265	4270	188	ExpressionStatement	2987	2991	5	false
frontend/components/exam/reading-exam-preview.tsx	996	5265	4270	189	FunctionDeclaration	2993	3009	17	false
frontend/components/exam/reading-exam-preview.tsx	996	5265	4270	190	FunctionDeclaration	3011	3023	13	false
frontend/components/exam/reading-exam-preview.tsx	996	5265	4270	191	FunctionDeclaration	3025	3253	229	false
frontend/components/exam/reading-exam-preview.tsx	996	5265	4270	192	FunctionDeclaration	3255	3271	17	false
frontend/components/exam/reading-exam-preview.tsx	996	5265	4270	193	FunctionDeclaration	3273	3369	97	false
frontend/components/exam/reading-exam-preview.tsx	996	5265	4270	194	FunctionDeclaration	3371	3383	13	false
frontend/components/exam/reading-exam-preview.tsx	996	5265	4270	195	FunctionDeclaration	3385	3483	99	false
frontend/components/exam/reading-exam-preview.tsx	996	5265	4270	196	FunctionDeclaration	3485	3558	74	false
frontend/components/exam/reading-exam-preview.tsx	996	5265	4270	197	FunctionDeclaration	3560	3612	53	false
frontend/components/exam/reading-exam-preview.tsx	996	5265	4270	198	FunctionDeclaration	3614	3706	93	false
frontend/components/exam/reading-exam-preview.tsx	996	5265	4270	199	FunctionDeclaration	3708	3758	51	false
frontend/components/exam/reading-exam-preview.tsx	996	5265	4270	200	FunctionDeclaration	3760	4290	531	false
frontend/components/exam/reading-exam-preview.tsx	996	5265	4270	201	ReturnStatement	4292	5264	973	true
frontend/app/(app)/speaking/speaking-page-client.tsx	793	1575	783	1	FirstStatement	810	810	1	false
frontend/app/(app)/speaking/speaking-page-client.tsx	793	1575	783	2	FirstStatement	811	811	1	false
frontend/app/(app)/speaking/speaking-page-client.tsx	793	1575	783	3	FirstStatement	812	812	1	false
frontend/app/(app)/speaking/speaking-page-client.tsx	793	1575	783	4	FirstStatement	813	813	1	false
frontend/app/(app)/speaking/speaking-page-client.tsx	793	1575	783	5	FirstStatement	814	814	1	false
frontend/app/(app)/speaking/speaking-page-client.tsx	793	1575	783	6	FirstStatement	815	815	1	false
frontend/app/(app)/speaking/speaking-page-client.tsx	793	1575	783	7	FirstStatement	816	816	1	false
frontend/app/(app)/speaking/speaking-page-client.tsx	793	1575	783	8	FirstStatement	817	817	1	false
frontend/app/(app)/speaking/speaking-page-client.tsx	793	1575	783	9	FirstStatement	818	818	1	false
frontend/app/(app)/speaking/speaking-page-client.tsx	793	1575	783	10	FirstStatement	819	819	1	false
frontend/app/(app)/speaking/speaking-page-client.tsx	793	1575	783	11	FirstStatement	820	820	1	false
frontend/app/(app)/speaking/speaking-page-client.tsx	793	1575	783	12	FirstStatement	821	821	1	false
frontend/app/(app)/speaking/speaking-page-client.tsx	793	1575	783	13	FirstStatement	822	822	1	false
frontend/app/(app)/speaking/speaking-page-client.tsx	793	1575	783	14	FirstStatement	823	823	1	false
frontend/app/(app)/speaking/speaking-page-client.tsx	793	1575	783	15	FirstStatement	824	824	1	false
frontend/app/(app)/speaking/speaking-page-client.tsx	793	1575	783	16	FirstStatement	825	825	1	false
frontend/app/(app)/speaking/speaking-page-client.tsx	793	1575	783	17	FirstStatement	826	826	1	false
frontend/app/(app)/speaking/speaking-page-client.tsx	793	1575	783	18	FirstStatement	827	827	1	false
frontend/app/(app)/speaking/speaking-page-client.tsx	793	1575	783	19	FirstStatement	828	828	1	false
frontend/app/(app)/speaking/speaking-page-client.tsx	793	1575	783	20	FirstStatement	829	829	1	false
frontend/app/(app)/speaking/speaking-page-client.tsx	793	1575	783	21	FirstStatement	830	830	1	false
frontend/app/(app)/speaking/speaking-page-client.tsx	793	1575	783	22	FirstStatement	831	831	1	false
frontend/app/(app)/speaking/speaking-page-client.tsx	793	1575	783	23	FirstStatement	832	832	1	false
frontend/app/(app)/speaking/speaking-page-client.tsx	793	1575	783	24	FirstStatement	833	833	1	false
frontend/app/(app)/speaking/speaking-page-client.tsx	793	1575	783	25	FirstStatement	834	834	1	false
frontend/app/(app)/speaking/speaking-page-client.tsx	793	1575	783	26	FirstStatement	835	835	1	false
frontend/app/(app)/speaking/speaking-page-client.tsx	793	1575	783	27	FirstStatement	836	836	1	false
frontend/app/(app)/speaking/speaking-page-client.tsx	793	1575	783	28	FirstStatement	837	837	1	false
frontend/app/(app)/speaking/speaking-page-client.tsx	793	1575	783	29	FirstStatement	838	838	1	false
frontend/app/(app)/speaking/speaking-page-client.tsx	793	1575	783	30	FirstStatement	839	839	1	false
frontend/app/(app)/speaking/speaking-page-client.tsx	793	1575	783	31	FirstStatement	840	840	1	false
frontend/app/(app)/speaking/speaking-page-client.tsx	793	1575	783	32	FirstStatement	841	841	1	false
frontend/app/(app)/speaking/speaking-page-client.tsx	793	1575	783	33	FirstStatement	842	842	1	false
frontend/app/(app)/speaking/speaking-page-client.tsx	793	1575	783	34	ExpressionStatement	843	843	1	false
frontend/app/(app)/speaking/speaking-page-client.tsx	793	1575	783	35	FirstStatement	844	844	1	false
frontend/app/(app)/speaking/speaking-page-client.tsx	793	1575	783	36	ExpressionStatement	845	845	1	false
frontend/app/(app)/speaking/speaking-page-client.tsx	793	1575	783	37	FirstStatement	846	846	1	false
frontend/app/(app)/speaking/speaking-page-client.tsx	793	1575	783	38	ExpressionStatement	847	847	1	false
frontend/app/(app)/speaking/speaking-page-client.tsx	793	1575	783	39	FirstStatement	849	849	1	false
frontend/app/(app)/speaking/speaking-page-client.tsx	793	1575	783	40	FirstStatement	851	854	4	false
frontend/app/(app)/speaking/speaking-page-client.tsx	793	1575	783	41	FirstStatement	856	864	9	false
frontend/app/(app)/speaking/speaking-page-client.tsx	793	1575	783	42	FirstStatement	866	869	4	false
frontend/app/(app)/speaking/speaking-page-client.tsx	793	1575	783	43	FirstStatement	871	876	6	false
frontend/app/(app)/speaking/speaking-page-client.tsx	793	1575	783	44	FirstStatement	878	883	6	false
frontend/app/(app)/speaking/speaking-page-client.tsx	793	1575	783	45	FirstStatement	885	890	6	false
frontend/app/(app)/speaking/speaking-page-client.tsx	793	1575	783	46	FirstStatement	892	901	10	false
frontend/app/(app)/speaking/speaking-page-client.tsx	793	1575	783	47	FirstStatement	903	918	16	false
frontend/app/(app)/speaking/speaking-page-client.tsx	793	1575	783	48	FirstStatement	920	932	13	false
frontend/app/(app)/speaking/speaking-page-client.tsx	793	1575	783	49	FirstStatement	934	946	13	false
frontend/app/(app)/speaking/speaking-page-client.tsx	793	1575	783	50	FirstStatement	948	950	3	false
frontend/app/(app)/speaking/speaking-page-client.tsx	793	1575	783	51	FirstStatement	952	955	4	false
frontend/app/(app)/speaking/speaking-page-client.tsx	793	1575	783	52	FirstStatement	957	1004	48	false
frontend/app/(app)/speaking/speaking-page-client.tsx	793	1575	783	53	FirstStatement	1006	1041	36	false
frontend/app/(app)/speaking/speaking-page-client.tsx	793	1575	783	54	FirstStatement	1043	1051	9	false
frontend/app/(app)/speaking/speaking-page-client.tsx	793	1575	783	55	FirstStatement	1053	1074	22	false
frontend/app/(app)/speaking/speaking-page-client.tsx	793	1575	783	56	FirstStatement	1076	1096	21	false
frontend/app/(app)/speaking/speaking-page-client.tsx	793	1575	783	57	ExpressionStatement	1098	1100	3	false
frontend/app/(app)/speaking/speaking-page-client.tsx	793	1575	783	58	FirstStatement	1102	1136	35	false
frontend/app/(app)/speaking/speaking-page-client.tsx	793	1575	783	59	FirstStatement	1138	1143	6	false
frontend/app/(app)/speaking/speaking-page-client.tsx	793	1575	783	60	FirstStatement	1145	1188	44	false
frontend/app/(app)/speaking/speaking-page-client.tsx	793	1575	783	61	FirstStatement	1190	1214	25	false
frontend/app/(app)/speaking/speaking-page-client.tsx	793	1575	783	62	FirstStatement	1216	1222	7	false
frontend/app/(app)/speaking/speaking-page-client.tsx	793	1575	783	63	FirstStatement	1224	1241	18	false
frontend/app/(app)/speaking/speaking-page-client.tsx	793	1575	783	64	ExpressionStatement	1242	1259	18	false
frontend/app/(app)/speaking/speaking-page-client.tsx	793	1575	783	65	ExpressionStatement	1261	1267	7	false
frontend/app/(app)/speaking/speaking-page-client.tsx	793	1575	783	66	ExpressionStatement	1269	1540	272	false
frontend/app/(app)/speaking/speaking-page-client.tsx	793	1575	783	67	ExpressionStatement	1542	1544	3	false
frontend/app/(app)/speaking/speaking-page-client.tsx	793	1575	783	68	ExpressionStatement	1546	1550	5	false
frontend/app/(app)/speaking/speaking-page-client.tsx	793	1575	783	69	ReturnStatement	1552	1574	23	false
frontend/app/(app)/writing/submissions/[submissionId]/result/result-client.tsx	955	1878	924	1	FirstStatement	961	966	6	false
frontend/app/(app)/writing/submissions/[submissionId]/result/result-client.tsx	955	1878	924	2	FirstStatement	968	968	1	false
frontend/app/(app)/writing/submissions/[submissionId]/result/result-client.tsx	955	1878	924	3	FirstStatement	969	969	1	false
frontend/app/(app)/writing/submissions/[submissionId]/result/result-client.tsx	955	1878	924	4	FirstStatement	970	970	1	false
frontend/app/(app)/writing/submissions/[submissionId]/result/result-client.tsx	955	1878	924	5	FirstStatement	971	971	1	false
frontend/app/(app)/writing/submissions/[submissionId]/result/result-client.tsx	955	1878	924	6	FirstStatement	972	972	1	false
frontend/app/(app)/writing/submissions/[submissionId]/result/result-client.tsx	955	1878	924	7	FirstStatement	973	973	1	false
frontend/app/(app)/writing/submissions/[submissionId]/result/result-client.tsx	955	1878	924	8	FirstStatement	974	974	1	false
frontend/app/(app)/writing/submissions/[submissionId]/result/result-client.tsx	955	1878	924	9	FirstStatement	975	975	1	false
frontend/app/(app)/writing/submissions/[submissionId]/result/result-client.tsx	955	1878	924	10	FirstStatement	976	976	1	false
frontend/app/(app)/writing/submissions/[submissionId]/result/result-client.tsx	955	1878	924	11	FirstStatement	977	977	1	false
frontend/app/(app)/writing/submissions/[submissionId]/result/result-client.tsx	955	1878	924	12	FirstStatement	978	978	1	false
frontend/app/(app)/writing/submissions/[submissionId]/result/result-client.tsx	955	1878	924	13	ExpressionStatement	980	988	9	false
frontend/app/(app)/writing/submissions/[submissionId]/result/result-client.tsx	955	1878	924	14	ExpressionStatement	990	1001	12	false
frontend/app/(app)/writing/submissions/[submissionId]/result/result-client.tsx	955	1878	924	15	ExpressionStatement	1003	1059	57	false
frontend/app/(app)/writing/submissions/[submissionId]/result/result-client.tsx	955	1878	924	16	ExpressionStatement	1061	1102	42	false
frontend/app/(app)/writing/submissions/[submissionId]/result/result-client.tsx	955	1878	924	17	FirstStatement	1104	1107	4	false
frontend/app/(app)/writing/submissions/[submissionId]/result/result-client.tsx	955	1878	924	18	FirstStatement	1108	1111	4	false
frontend/app/(app)/writing/submissions/[submissionId]/result/result-client.tsx	955	1878	924	19	ExpressionStatement	1113	1123	11	false
frontend/app/(app)/writing/submissions/[submissionId]/result/result-client.tsx	955	1878	924	20	FirstStatement	1125	1141	17	false
frontend/app/(app)/writing/submissions/[submissionId]/result/result-client.tsx	955	1878	924	21	FirstStatement	1143	1150	8	false
frontend/app/(app)/writing/submissions/[submissionId]/result/result-client.tsx	955	1878	924	22	IfStatement	1152	1158	7	false
frontend/app/(app)/writing/submissions/[submissionId]/result/result-client.tsx	955	1878	924	23	IfStatement	1160	1166	7	false
frontend/app/(app)/writing/submissions/[submissionId]/result/result-client.tsx	955	1878	924	24	FirstStatement	1168	1168	1	false
frontend/app/(app)/writing/submissions/[submissionId]/result/result-client.tsx	955	1878	924	25	FirstStatement	1169	1169	1	false
frontend/app/(app)/writing/submissions/[submissionId]/result/result-client.tsx	955	1878	924	26	FirstStatement	1170	1172	3	false
frontend/app/(app)/writing/submissions/[submissionId]/result/result-client.tsx	955	1878	924	27	FirstStatement	1173	1173	1	false
frontend/app/(app)/writing/submissions/[submissionId]/result/result-client.tsx	955	1878	924	28	FirstStatement	1174	1176	3	false
frontend/app/(app)/writing/submissions/[submissionId]/result/result-client.tsx	955	1878	924	29	FirstStatement	1177	1177	1	false
frontend/app/(app)/writing/submissions/[submissionId]/result/result-client.tsx	955	1878	924	30	FirstStatement	1179	1179	1	false
frontend/app/(app)/writing/submissions/[submissionId]/result/result-client.tsx	955	1878	924	31	FirstStatement	1180	1180	1	false
frontend/app/(app)/writing/submissions/[submissionId]/result/result-client.tsx	955	1878	924	32	FirstStatement	1181	1181	1	false
frontend/app/(app)/writing/submissions/[submissionId]/result/result-client.tsx	955	1878	924	33	FirstStatement	1182	1182	1	false
frontend/app/(app)/writing/submissions/[submissionId]/result/result-client.tsx	955	1878	924	34	FirstStatement	1183	1185	3	false
frontend/app/(app)/writing/submissions/[submissionId]/result/result-client.tsx	955	1878	924	35	FirstStatement	1186	1189	4	false
frontend/app/(app)/writing/submissions/[submissionId]/result/result-client.tsx	955	1878	924	36	FirstStatement	1190	1190	1	false
frontend/app/(app)/writing/submissions/[submissionId]/result/result-client.tsx	955	1878	924	37	FirstStatement	1191	1191	1	false
frontend/app/(app)/writing/submissions/[submissionId]/result/result-client.tsx	955	1878	924	38	FirstStatement	1192	1192	1	false
frontend/app/(app)/writing/submissions/[submissionId]/result/result-client.tsx	955	1878	924	39	FirstStatement	1193	1193	1	false
frontend/app/(app)/writing/submissions/[submissionId]/result/result-client.tsx	955	1878	924	40	FirstStatement	1194	1194	1	false
frontend/app/(app)/writing/submissions/[submissionId]/result/result-client.tsx	955	1878	924	41	FirstStatement	1195	1195	1	false
frontend/app/(app)/writing/submissions/[submissionId]/result/result-client.tsx	955	1878	924	42	FirstStatement	1196	1196	1	false
frontend/app/(app)/writing/submissions/[submissionId]/result/result-client.tsx	955	1878	924	43	FirstStatement	1197	1197	1	false
frontend/app/(app)/writing/submissions/[submissionId]/result/result-client.tsx	955	1878	924	44	FirstStatement	1198	1198	1	false
frontend/app/(app)/writing/submissions/[submissionId]/result/result-client.tsx	955	1878	924	45	FirstStatement	1199	1199	1	false
frontend/app/(app)/writing/submissions/[submissionId]/result/result-client.tsx	955	1878	924	46	FirstStatement	1200	1200	1	false
frontend/app/(app)/writing/submissions/[submissionId]/result/result-client.tsx	955	1878	924	47	FirstStatement	1201	1209	9	false
frontend/app/(app)/writing/submissions/[submissionId]/result/result-client.tsx	955	1878	924	48	ReturnStatement	1211	1877	667	true
admin/app/(dashboard)/promo-codes/page.tsx	546	1388	843	1	FirstStatement	547	547	1	false
admin/app/(dashboard)/promo-codes/page.tsx	546	1388	843	2	FirstStatement	548	548	1	false
admin/app/(dashboard)/promo-codes/page.tsx	546	1388	843	3	FirstStatement	549	549	1	false
admin/app/(dashboard)/promo-codes/page.tsx	546	1388	843	4	FirstStatement	550	550	1	false
admin/app/(dashboard)/promo-codes/page.tsx	546	1388	843	5	FirstStatement	551	551	1	false
admin/app/(dashboard)/promo-codes/page.tsx	546	1388	843	6	FirstStatement	552	552	1	false
admin/app/(dashboard)/promo-codes/page.tsx	546	1388	843	7	FirstStatement	553	553	1	false
admin/app/(dashboard)/promo-codes/page.tsx	546	1388	843	8	FirstStatement	554	554	1	false
admin/app/(dashboard)/promo-codes/page.tsx	546	1388	843	9	FirstStatement	555	555	1	false
admin/app/(dashboard)/promo-codes/page.tsx	546	1388	843	10	FirstStatement	556	556	1	false
admin/app/(dashboard)/promo-codes/page.tsx	546	1388	843	11	FirstStatement	557	557	1	false
admin/app/(dashboard)/promo-codes/page.tsx	546	1388	843	12	FirstStatement	558	558	1	false
admin/app/(dashboard)/promo-codes/page.tsx	546	1388	843	13	FirstStatement	560	560	1	false
admin/app/(dashboard)/promo-codes/page.tsx	546	1388	843	14	FirstStatement	561	561	1	false
admin/app/(dashboard)/promo-codes/page.tsx	546	1388	843	15	FirstStatement	562	562	1	false
admin/app/(dashboard)/promo-codes/page.tsx	546	1388	843	16	FirstStatement	563	563	1	false
admin/app/(dashboard)/promo-codes/page.tsx	546	1388	843	17	FirstStatement	564	564	1	false
admin/app/(dashboard)/promo-codes/page.tsx	546	1388	843	18	FirstStatement	565	565	1	false
admin/app/(dashboard)/promo-codes/page.tsx	546	1388	843	19	FirstStatement	566	566	1	false
admin/app/(dashboard)/promo-codes/page.tsx	546	1388	843	20	FirstStatement	567	567	1	false
admin/app/(dashboard)/promo-codes/page.tsx	546	1388	843	21	FirstStatement	568	568	1	false
admin/app/(dashboard)/promo-codes/page.tsx	546	1388	843	22	FirstStatement	569	569	1	false
admin/app/(dashboard)/promo-codes/page.tsx	546	1388	843	23	FirstStatement	571	571	1	false
admin/app/(dashboard)/promo-codes/page.tsx	546	1388	843	24	FirstStatement	572	572	1	false
admin/app/(dashboard)/promo-codes/page.tsx	546	1388	843	25	FirstStatement	573	573	1	false
admin/app/(dashboard)/promo-codes/page.tsx	546	1388	843	26	FirstStatement	575	575	1	false
admin/app/(dashboard)/promo-codes/page.tsx	546	1388	843	27	FirstStatement	576	576	1	false
admin/app/(dashboard)/promo-codes/page.tsx	546	1388	843	28	FirstStatement	577	577	1	false
admin/app/(dashboard)/promo-codes/page.tsx	546	1388	843	29	FirstStatement	578	578	1	false
admin/app/(dashboard)/promo-codes/page.tsx	546	1388	843	30	FirstStatement	579	579	1	false
admin/app/(dashboard)/promo-codes/page.tsx	546	1388	843	31	FirstStatement	581	584	4	false
admin/app/(dashboard)/promo-codes/page.tsx	546	1388	843	32	FirstStatement	586	589	4	false
admin/app/(dashboard)/promo-codes/page.tsx	546	1388	843	33	FirstStatement	591	618	28	false
admin/app/(dashboard)/promo-codes/page.tsx	546	1388	843	34	ExpressionStatement	620	622	3	false
admin/app/(dashboard)/promo-codes/page.tsx	546	1388	843	35	ExpressionStatement	624	643	20	false
admin/app/(dashboard)/promo-codes/page.tsx	546	1388	843	36	ExpressionStatement	645	665	21	false
admin/app/(dashboard)/promo-codes/page.tsx	546	1388	843	37	FirstStatement	667	686	20	false
admin/app/(dashboard)/promo-codes/page.tsx	546	1388	843	38	FirstStatement	688	701	14	false
admin/app/(dashboard)/promo-codes/page.tsx	546	1388	843	39	FirstStatement	703	708	6	false
admin/app/(dashboard)/promo-codes/page.tsx	546	1388	843	40	FirstStatement	710	710	1	false
admin/app/(dashboard)/promo-codes/page.tsx	546	1388	843	41	FirstStatement	712	715	4	false
admin/app/(dashboard)/promo-codes/page.tsx	546	1388	843	42	FirstStatement	717	759	43	false
admin/app/(dashboard)/promo-codes/page.tsx	546	1388	843	43	FirstStatement	761	778	18	false
admin/app/(dashboard)/promo-codes/page.tsx	546	1388	843	44	FirstStatement	780	796	17	false
admin/app/(dashboard)/promo-codes/page.tsx	546	1388	843	45	FirstStatement	798	800	3	false
admin/app/(dashboard)/promo-codes/page.tsx	546	1388	843	46	IfStatement	802	804	3	false
admin/app/(dashboard)/promo-codes/page.tsx	546	1388	843	47	ReturnStatement	806	1387	582	true
frontend/app/(app)/analytics/[skill]/skill-analytics-client.tsx	590	926	337	1	FirstStatement	591	591	1	false
frontend/app/(app)/analytics/[skill]/skill-analytics-client.tsx	590	926	337	2	FirstStatement	592	592	1	false
frontend/app/(app)/analytics/[skill]/skill-analytics-client.tsx	590	926	337	3	FirstStatement	593	593	1	false
frontend/app/(app)/analytics/[skill]/skill-analytics-client.tsx	590	926	337	4	FirstStatement	594	596	3	false
frontend/app/(app)/analytics/[skill]/skill-analytics-client.tsx	590	926	337	5	FirstStatement	597	597	1	false
frontend/app/(app)/analytics/[skill]/skill-analytics-client.tsx	590	926	337	6	FirstStatement	598	598	1	false
frontend/app/(app)/analytics/[skill]/skill-analytics-client.tsx	590	926	337	7	FirstStatement	599	599	1	false
frontend/app/(app)/analytics/[skill]/skill-analytics-client.tsx	590	926	337	8	FirstStatement	600	615	16	false
frontend/app/(app)/analytics/[skill]/skill-analytics-client.tsx	590	926	337	9	FirstStatement	616	621	6	false
frontend/app/(app)/analytics/[skill]/skill-analytics-client.tsx	590	926	337	10	FirstStatement	622	628	7	false
frontend/app/(app)/analytics/[skill]/skill-analytics-client.tsx	590	926	337	11	FirstStatement	629	637	9	false
frontend/app/(app)/analytics/[skill]/skill-analytics-client.tsx	590	926	337	12	FirstStatement	638	640	3	false
frontend/app/(app)/analytics/[skill]/skill-analytics-client.tsx	590	926	337	13	FirstStatement	641	641	1	false
frontend/app/(app)/analytics/[skill]/skill-analytics-client.tsx	590	926	337	14	FirstStatement	642	642	1	false
frontend/app/(app)/analytics/[skill]/skill-analytics-client.tsx	590	926	337	15	FirstStatement	643	643	1	false
frontend/app/(app)/analytics/[skill]/skill-analytics-client.tsx	590	926	337	16	FirstStatement	644	646	3	false
frontend/app/(app)/analytics/[skill]/skill-analytics-client.tsx	590	926	337	17	FirstStatement	647	657	11	false
frontend/app/(app)/analytics/[skill]/skill-analytics-client.tsx	590	926	337	18	ReturnStatement	659	925	267	true
frontend/components/subscription/subscription-workspace.tsx	681	968	288	1	FirstStatement	694	694	1	false
frontend/components/subscription/subscription-workspace.tsx	681	968	288	2	FirstStatement	695	695	1	false
frontend/components/subscription/subscription-workspace.tsx	681	968	288	3	FirstStatement	696	696	1	false
frontend/components/subscription/subscription-workspace.tsx	681	968	288	4	FirstStatement	697	697	1	false
frontend/components/subscription/subscription-workspace.tsx	681	968	288	5	FirstStatement	698	698	1	false
frontend/components/subscription/subscription-workspace.tsx	681	968	288	6	FirstStatement	699	699	1	false
frontend/components/subscription/subscription-workspace.tsx	681	968	288	7	FirstStatement	700	700	1	false
frontend/components/subscription/subscription-workspace.tsx	681	968	288	8	FirstStatement	701	701	1	false
frontend/components/subscription/subscription-workspace.tsx	681	968	288	9	FirstStatement	702	702	1	false
frontend/components/subscription/subscription-workspace.tsx	681	968	288	10	FirstStatement	703	703	1	false
frontend/components/subscription/subscription-workspace.tsx	681	968	288	11	FirstStatement	704	706	3	false
frontend/components/subscription/subscription-workspace.tsx	681	968	288	12	ExpressionStatement	708	710	3	false
frontend/components/subscription/subscription-workspace.tsx	681	968	288	13	ExpressionStatement	712	718	7	false
frontend/components/subscription/subscription-workspace.tsx	681	968	288	14	ExpressionStatement	720	757	38	false
frontend/components/subscription/subscription-workspace.tsx	681	968	288	15	FunctionDeclaration	759	768	10	false
frontend/components/subscription/subscription-workspace.tsx	681	968	288	16	FunctionDeclaration	770	776	7	false
frontend/components/subscription/subscription-workspace.tsx	681	968	288	17	ReturnStatement	778	967	190	true
frontend/components/layout/site-shell.tsx	25	738	714	1	FirstStatement	27	27	1	false
frontend/components/layout/site-shell.tsx	25	738	714	2	FirstStatement	28	28	1	false
frontend/components/layout/site-shell.tsx	25	738	714	3	FirstStatement	29	29	1	false
frontend/components/layout/site-shell.tsx	25	738	714	4	FirstStatement	30	30	1	false
frontend/components/layout/site-shell.tsx	25	738	714	5	FirstStatement	31	31	1	false
frontend/components/layout/site-shell.tsx	25	738	714	6	FirstStatement	32	32	1	false
frontend/components/layout/site-shell.tsx	25	738	714	7	FirstStatement	33	33	1	false
frontend/components/layout/site-shell.tsx	25	738	714	8	FirstStatement	34	34	1	false
frontend/components/layout/site-shell.tsx	25	738	714	9	FirstStatement	35	35	1	false
frontend/components/layout/site-shell.tsx	25	738	714	10	FirstStatement	36	36	1	false
frontend/components/layout/site-shell.tsx	25	738	714	11	FirstStatement	37	37	1	false
frontend/components/layout/site-shell.tsx	25	738	714	12	FirstStatement	38	38	1	false
frontend/components/layout/site-shell.tsx	25	738	714	13	FirstStatement	39	51	13	false
frontend/components/layout/site-shell.tsx	25	738	714	14	FirstStatement	52	54	3	false
frontend/components/layout/site-shell.tsx	25	738	714	15	FirstStatement	55	55	1	false
frontend/components/layout/site-shell.tsx	25	738	714	16	FirstStatement	57	63	7	false
frontend/components/layout/site-shell.tsx	25	738	714	17	FirstStatement	65	71	7	false
frontend/components/layout/site-shell.tsx	25	738	714	18	ExpressionStatement	74	76	3	false
frontend/components/layout/site-shell.tsx	25	738	714	19	ExpressionStatement	79	85	7	false
frontend/components/layout/site-shell.tsx	25	738	714	20	FirstStatement	87	100	14	false
frontend/components/layout/site-shell.tsx	25	738	714	21	FirstStatement	102	111	10	false
frontend/components/layout/site-shell.tsx	25	738	714	22	ExpressionStatement	113	140	28	false
frontend/components/layout/site-shell.tsx	25	738	714	23	ExpressionStatement	142	166	25	false
frontend/components/layout/site-shell.tsx	25	738	714	24	ExpressionStatement	168	222	55	false
frontend/components/layout/site-shell.tsx	25	738	714	25	ExpressionStatement	224	233	10	false
frontend/components/layout/site-shell.tsx	25	738	714	26	ExpressionStatement	235	238	4	false
frontend/components/layout/site-shell.tsx	25	738	714	27	ExpressionStatement	240	251	12	false
frontend/components/layout/site-shell.tsx	25	738	714	28	FirstStatement	253	256	4	false
frontend/components/layout/site-shell.tsx	25	738	714	29	IfStatement	258	267	10	false
frontend/components/layout/site-shell.tsx	25	738	714	30	ReturnStatement	269	737	469	true
frontend/app/exam-preview/writing/writing-exam-client.tsx	104	713	610	1	FirstStatement	113	113	1	false
frontend/app/exam-preview/writing/writing-exam-client.tsx	104	713	610	2	FirstStatement	114	114	1	false
frontend/app/exam-preview/writing/writing-exam-client.tsx	104	713	610	3	FirstStatement	115	115	1	false
frontend/app/exam-preview/writing/writing-exam-client.tsx	104	713	610	4	FirstStatement	116	116	1	false
frontend/app/exam-preview/writing/writing-exam-client.tsx	104	713	610	5	FirstStatement	117	117	1	false
frontend/app/exam-preview/writing/writing-exam-client.tsx	104	713	610	6	FirstStatement	118	118	1	false
frontend/app/exam-preview/writing/writing-exam-client.tsx	104	713	610	7	FirstStatement	120	120	1	false
frontend/app/exam-preview/writing/writing-exam-client.tsx	104	713	610	8	FirstStatement	121	121	1	false
frontend/app/exam-preview/writing/writing-exam-client.tsx	104	713	610	9	FirstStatement	122	122	1	false
frontend/app/exam-preview/writing/writing-exam-client.tsx	104	713	610	10	FirstStatement	123	123	1	false
frontend/app/exam-preview/writing/writing-exam-client.tsx	104	713	610	11	FirstStatement	124	124	1	false
frontend/app/exam-preview/writing/writing-exam-client.tsx	104	713	610	12	FirstStatement	125	125	1	false
frontend/app/exam-preview/writing/writing-exam-client.tsx	104	713	610	13	FirstStatement	126	126	1	false
frontend/app/exam-preview/writing/writing-exam-client.tsx	104	713	610	14	FirstStatement	127	127	1	false
frontend/app/exam-preview/writing/writing-exam-client.tsx	104	713	610	15	FirstStatement	128	128	1	false
frontend/app/exam-preview/writing/writing-exam-client.tsx	104	713	610	16	FirstStatement	129	129	1	false
frontend/app/exam-preview/writing/writing-exam-client.tsx	104	713	610	17	FirstStatement	130	130	1	false
frontend/app/exam-preview/writing/writing-exam-client.tsx	104	713	610	18	FirstStatement	131	131	1	false
frontend/app/exam-preview/writing/writing-exam-client.tsx	104	713	610	19	FirstStatement	132	132	1	false
frontend/app/exam-preview/writing/writing-exam-client.tsx	104	713	610	20	FirstStatement	133	133	1	false
frontend/app/exam-preview/writing/writing-exam-client.tsx	104	713	610	21	FirstStatement	134	134	1	false
frontend/app/exam-preview/writing/writing-exam-client.tsx	104	713	610	22	FirstStatement	135	135	1	false
frontend/app/exam-preview/writing/writing-exam-client.tsx	104	713	610	23	FirstStatement	136	136	1	false
frontend/app/exam-preview/writing/writing-exam-client.tsx	104	713	610	24	FirstStatement	137	137	1	false
frontend/app/exam-preview/writing/writing-exam-client.tsx	104	713	610	25	FirstStatement	138	138	1	false
frontend/app/exam-preview/writing/writing-exam-client.tsx	104	713	610	26	FirstStatement	139	139	1	false
frontend/app/exam-preview/writing/writing-exam-client.tsx	104	713	610	27	FirstStatement	140	140	1	false
frontend/app/exam-preview/writing/writing-exam-client.tsx	104	713	610	28	FirstStatement	141	141	1	false
frontend/app/exam-preview/writing/writing-exam-client.tsx	104	713	610	29	FirstStatement	142	142	1	false
frontend/app/exam-preview/writing/writing-exam-client.tsx	104	713	610	30	FirstStatement	143	143	1	false
frontend/app/exam-preview/writing/writing-exam-client.tsx	104	713	610	31	FirstStatement	144	144	1	false
frontend/app/exam-preview/writing/writing-exam-client.tsx	104	713	610	32	FirstStatement	145	145	1	false
frontend/app/exam-preview/writing/writing-exam-client.tsx	104	713	610	33	FirstStatement	146	146	1	false
frontend/app/exam-preview/writing/writing-exam-client.tsx	104	713	610	34	ExpressionStatement	148	150	3	false
frontend/app/exam-preview/writing/writing-exam-client.tsx	104	713	610	35	ExpressionStatement	152	163	12	false
frontend/app/exam-preview/writing/writing-exam-client.tsx	104	713	610	36	ExpressionStatement	165	178	14	false
frontend/app/exam-preview/writing/writing-exam-client.tsx	104	713	610	37	ExpressionStatement	180	184	5	false
frontend/app/exam-preview/writing/writing-exam-client.tsx	104	713	610	38	FirstStatement	186	193	8	false
frontend/app/exam-preview/writing/writing-exam-client.tsx	104	713	610	39	FirstStatement	195	211	17	false
frontend/app/exam-preview/writing/writing-exam-client.tsx	104	713	610	40	FirstStatement	213	238	26	false
frontend/app/exam-preview/writing/writing-exam-client.tsx	104	713	610	41	ExpressionStatement	240	306	67	false
frontend/app/exam-preview/writing/writing-exam-client.tsx	104	713	610	42	ExpressionStatement	308	323	16	false
frontend/app/exam-preview/writing/writing-exam-client.tsx	104	713	610	43	ExpressionStatement	325	336	12	false
frontend/app/exam-preview/writing/writing-exam-client.tsx	104	713	610	44	ExpressionStatement	338	342	5	false
frontend/app/exam-preview/writing/writing-exam-client.tsx	104	713	610	45	ExpressionStatement	344	352	9	false
frontend/app/exam-preview/writing/writing-exam-client.tsx	104	713	610	46	ExpressionStatement	354	364	11	false
frontend/app/exam-preview/writing/writing-exam-client.tsx	104	713	610	47	ExpressionStatement	366	413	48	false
frontend/app/exam-preview/writing/writing-exam-client.tsx	104	713	610	48	FirstStatement	415	415	1	false
frontend/app/exam-preview/writing/writing-exam-client.tsx	104	713	610	49	FirstStatement	416	416	1	false
frontend/app/exam-preview/writing/writing-exam-client.tsx	104	713	610	50	FirstStatement	417	417	1	false
frontend/app/exam-preview/writing/writing-exam-client.tsx	104	713	610	51	FirstStatement	418	418	1	false
frontend/app/exam-preview/writing/writing-exam-client.tsx	104	713	610	52	FirstStatement	419	419	1	false
frontend/app/exam-preview/writing/writing-exam-client.tsx	104	713	610	53	FirstStatement	420	420	1	false
frontend/app/exam-preview/writing/writing-exam-client.tsx	104	713	610	54	FirstStatement	421	421	1	false
frontend/app/exam-preview/writing/writing-exam-client.tsx	104	713	610	55	FirstStatement	422	422	1	false
frontend/app/exam-preview/writing/writing-exam-client.tsx	104	713	610	56	FirstStatement	424	427	4	false
frontend/app/exam-preview/writing/writing-exam-client.tsx	104	713	610	57	FirstStatement	429	432	4	false
frontend/app/exam-preview/writing/writing-exam-client.tsx	104	713	610	58	FirstStatement	434	440	7	false
frontend/app/exam-preview/writing/writing-exam-client.tsx	104	713	610	59	FirstStatement	442	501	60	false
frontend/app/exam-preview/writing/writing-exam-client.tsx	104	713	610	60	IfStatement	503	505	3	false
frontend/app/exam-preview/writing/writing-exam-client.tsx	104	713	610	61	ReturnStatement	507	712	206	true
admin/components/ai-settings-dashboard.tsx	257	902	646	1	FirstStatement	258	258	1	false
admin/components/ai-settings-dashboard.tsx	257	902	646	2	FirstStatement	259	259	1	false
admin/components/ai-settings-dashboard.tsx	257	902	646	3	FirstStatement	260	260	1	false
admin/components/ai-settings-dashboard.tsx	257	902	646	4	FirstStatement	261	261	1	false
admin/components/ai-settings-dashboard.tsx	257	902	646	5	FirstStatement	262	262	1	false
admin/components/ai-settings-dashboard.tsx	257	902	646	6	FirstStatement	263	263	1	false
admin/components/ai-settings-dashboard.tsx	257	902	646	7	FirstStatement	264	264	1	false
admin/components/ai-settings-dashboard.tsx	257	902	646	8	FirstStatement	265	265	1	false
admin/components/ai-settings-dashboard.tsx	257	902	646	9	FirstStatement	266	266	1	false
admin/components/ai-settings-dashboard.tsx	257	902	646	10	FirstStatement	267	267	1	false
admin/components/ai-settings-dashboard.tsx	257	902	646	11	FirstStatement	268	268	1	false
admin/components/ai-settings-dashboard.tsx	257	902	646	12	FirstStatement	269	269	1	false
admin/components/ai-settings-dashboard.tsx	257	902	646	13	FirstStatement	270	270	1	false
admin/components/ai-settings-dashboard.tsx	257	902	646	14	FirstStatement	271	271	1	false
admin/components/ai-settings-dashboard.tsx	257	902	646	15	FirstStatement	272	277	6	false
admin/components/ai-settings-dashboard.tsx	257	902	646	16	FirstStatement	278	282	5	false
admin/components/ai-settings-dashboard.tsx	257	902	646	17	FirstStatement	284	287	4	false
admin/components/ai-settings-dashboard.tsx	257	902	646	18	FirstStatement	289	292	4	false
admin/components/ai-settings-dashboard.tsx	257	902	646	19	FirstStatement	294	299	6	false
admin/components/ai-settings-dashboard.tsx	257	902	646	20	FirstStatement	301	304	4	false
admin/components/ai-settings-dashboard.tsx	257	902	646	21	ExpressionStatement	306	310	5	false
admin/components/ai-settings-dashboard.tsx	257	902	646	22	ExpressionStatement	312	314	3	false
admin/components/ai-settings-dashboard.tsx	257	902	646	23	FunctionDeclaration	316	352	37	false
admin/components/ai-settings-dashboard.tsx	257	902	646	24	FunctionDeclaration	354	362	9	false
admin/components/ai-settings-dashboard.tsx	257	902	646	25	FunctionDeclaration	364	376	13	false
admin/components/ai-settings-dashboard.tsx	257	902	646	26	FunctionDeclaration	378	397	20	false
admin/components/ai-settings-dashboard.tsx	257	902	646	27	FunctionDeclaration	399	413	15	false
admin/components/ai-settings-dashboard.tsx	257	902	646	28	FunctionDeclaration	415	428	14	false
admin/components/ai-settings-dashboard.tsx	257	902	646	29	FunctionDeclaration	430	450	21	false
admin/components/ai-settings-dashboard.tsx	257	902	646	30	FunctionDeclaration	452	473	22	false
admin/components/ai-settings-dashboard.tsx	257	902	646	31	FunctionDeclaration	475	482	8	false
admin/components/ai-settings-dashboard.tsx	257	902	646	32	FunctionDeclaration	484	513	30	false
admin/components/ai-settings-dashboard.tsx	257	902	646	33	FunctionDeclaration	515	532	18	false
admin/components/ai-settings-dashboard.tsx	257	902	646	34	FunctionDeclaration	534	550	17	false
admin/components/ai-settings-dashboard.tsx	257	902	646	35	FunctionDeclaration	552	564	13	false
admin/components/ai-settings-dashboard.tsx	257	902	646	36	FunctionDeclaration	566	576	11	false
admin/components/ai-settings-dashboard.tsx	257	902	646	37	FunctionDeclaration	578	653	76	false
admin/components/ai-settings-dashboard.tsx	257	902	646	38	IfStatement	655	657	3	false
admin/components/ai-settings-dashboard.tsx	257	902	646	39	ReturnStatement	659	901	243	true
admin/app/(dashboard)/speaking/page.tsx	290	567	278	1	FirstStatement	307	307	1	false
admin/app/(dashboard)/speaking/page.tsx	290	567	278	2	FirstStatement	308	308	1	false
admin/app/(dashboard)/speaking/page.tsx	290	567	278	3	FirstStatement	310	310	1	false
admin/app/(dashboard)/speaking/page.tsx	290	567	278	4	FirstStatement	311	311	1	false
admin/app/(dashboard)/speaking/page.tsx	290	567	278	5	FirstStatement	312	312	1	false
admin/app/(dashboard)/speaking/page.tsx	290	567	278	6	FirstStatement	313	313	1	false
admin/app/(dashboard)/speaking/page.tsx	290	567	278	7	FirstStatement	314	314	1	false
admin/app/(dashboard)/speaking/page.tsx	290	567	278	8	FirstStatement	315	315	1	false
admin/app/(dashboard)/speaking/page.tsx	290	567	278	9	FirstStatement	316	316	1	false
admin/app/(dashboard)/speaking/page.tsx	290	567	278	10	FirstStatement	317	317	1	false
admin/app/(dashboard)/speaking/page.tsx	290	567	278	11	ExpressionStatement	319	349	31	false
admin/app/(dashboard)/speaking/page.tsx	290	567	278	12	FirstStatement	351	351	1	false
admin/app/(dashboard)/speaking/page.tsx	290	567	278	13	FirstStatement	352	352	1	false
admin/app/(dashboard)/speaking/page.tsx	290	567	278	14	FirstStatement	353	354	2	false
admin/app/(dashboard)/speaking/page.tsx	290	567	278	15	FunctionDeclaration	356	416	61	false
admin/app/(dashboard)/speaking/page.tsx	290	567	278	16	IfStatement	418	418	1	false
admin/app/(dashboard)/speaking/page.tsx	290	567	278	17	ReturnStatement	420	566	147	true
frontend/components/attempt-workspaces.tsx	378	747	370	1	FirstStatement	388	388	1	false
frontend/components/attempt-workspaces.tsx	378	747	370	2	FirstStatement	389	389	1	false
frontend/components/attempt-workspaces.tsx	378	747	370	3	FirstStatement	390	390	1	false
frontend/components/attempt-workspaces.tsx	378	747	370	4	FirstStatement	391	391	1	false
frontend/components/attempt-workspaces.tsx	378	747	370	5	FirstStatement	392	392	1	false
frontend/components/attempt-workspaces.tsx	378	747	370	6	FirstStatement	393	393	1	false
frontend/components/attempt-workspaces.tsx	378	747	370	7	FirstStatement	394	394	1	false
frontend/components/attempt-workspaces.tsx	378	747	370	8	FirstStatement	395	395	1	false
frontend/components/attempt-workspaces.tsx	378	747	370	9	FirstStatement	396	396	1	false
frontend/components/attempt-workspaces.tsx	378	747	370	10	ExpressionStatement	398	400	3	false
frontend/components/attempt-workspaces.tsx	378	747	370	11	FirstStatement	402	402	1	false
frontend/components/attempt-workspaces.tsx	378	747	370	12	FirstStatement	403	403	1	false
frontend/components/attempt-workspaces.tsx	378	747	370	13	FirstStatement	404	404	1	false
frontend/components/attempt-workspaces.tsx	378	747	370	14	ExpressionStatement	407	454	48	false
frontend/components/attempt-workspaces.tsx	378	747	370	15	ExpressionStatement	456	470	15	false
frontend/components/attempt-workspaces.tsx	378	747	370	16	ExpressionStatement	472	498	27	false
frontend/components/attempt-workspaces.tsx	378	747	370	17	ExpressionStatement	500	514	15	false
frontend/components/attempt-workspaces.tsx	378	747	370	18	ExpressionStatement	516	530	15	false
frontend/components/attempt-workspaces.tsx	378	747	370	19	FunctionDeclaration	532	554	23	false
frontend/components/attempt-workspaces.tsx	378	747	370	20	ReturnStatement	556	746	191	true
frontend/components/marketing/pricing-plan-grid.tsx	267	735	469	1	FirstStatement	279	279	1	false
frontend/components/marketing/pricing-plan-grid.tsx	267	735	469	2	FirstStatement	280	280	1	false
frontend/components/marketing/pricing-plan-grid.tsx	267	735	469	3	FirstStatement	281	281	1	false
frontend/components/marketing/pricing-plan-grid.tsx	267	735	469	4	FirstStatement	282	282	1	false
frontend/components/marketing/pricing-plan-grid.tsx	267	735	469	5	ExpressionStatement	284	286	3	false
frontend/components/marketing/pricing-plan-grid.tsx	267	735	469	6	FirstStatement	288	288	1	false
frontend/components/marketing/pricing-plan-grid.tsx	267	735	469	7	FirstStatement	289	289	1	false
frontend/components/marketing/pricing-plan-grid.tsx	267	735	469	8	FirstStatement	290	290	1	false
frontend/components/marketing/pricing-plan-grid.tsx	267	735	469	9	FirstStatement	292	295	4	false
frontend/components/marketing/pricing-plan-grid.tsx	267	735	469	10	FirstStatement	296	296	1	false
frontend/components/marketing/pricing-plan-grid.tsx	267	735	469	11	FirstStatement	297	300	4	false
frontend/components/marketing/pricing-plan-grid.tsx	267	735	469	12	FirstStatement	301	301	1	false
frontend/components/marketing/pricing-plan-grid.tsx	267	735	469	13	FirstStatement	303	311	9	false
frontend/components/marketing/pricing-plan-grid.tsx	267	735	469	14	IfStatement	313	550	238	false
frontend/components/marketing/pricing-plan-grid.tsx	267	735	469	15	ReturnStatement	552	734	183	true
frontend/app/(app)/dashboard/page.tsx	150	714	565	1	FirstStatement	151	159	9	false
frontend/app/(app)/dashboard/page.tsx	150	714	565	2	FirstStatement	160	160	1	false
frontend/app/(app)/dashboard/page.tsx	150	714	565	3	FirstStatement	161	176	16	false
frontend/app/(app)/dashboard/page.tsx	150	714	565	4	FirstStatement	178	178	1	false
frontend/app/(app)/dashboard/page.tsx	150	714	565	5	FirstStatement	179	183	5	false
frontend/app/(app)/dashboard/page.tsx	150	714	565	6	FirstStatement	185	185	1	false
frontend/app/(app)/dashboard/page.tsx	150	714	565	7	FirstStatement	187	189	3	false
frontend/app/(app)/dashboard/page.tsx	150	714	565	8	FirstStatement	190	190	1	false
frontend/app/(app)/dashboard/page.tsx	150	714	565	9	FirstStatement	191	191	1	false
frontend/app/(app)/dashboard/page.tsx	150	714	565	10	FirstStatement	192	192	1	false
frontend/app/(app)/dashboard/page.tsx	150	714	565	11	FirstStatement	194	194	1	false
frontend/app/(app)/dashboard/page.tsx	150	714	565	12	IfStatement	195	200	6	false
frontend/app/(app)/dashboard/page.tsx	150	714	565	13	FirstStatement	202	202	1	false
frontend/app/(app)/dashboard/page.tsx	150	714	565	14	FirstStatement	205	205	1	false
frontend/app/(app)/dashboard/page.tsx	150	714	565	15	FirstStatement	206	206	1	false
frontend/app/(app)/dashboard/page.tsx	150	714	565	16	FirstStatement	208	208	1	false
frontend/app/(app)/dashboard/page.tsx	150	714	565	17	FirstStatement	209	209	1	false
frontend/app/(app)/dashboard/page.tsx	150	714	565	18	FirstStatement	210	210	1	false
frontend/app/(app)/dashboard/page.tsx	150	714	565	19	FirstStatement	211	211	1	false
frontend/app/(app)/dashboard/page.tsx	150	714	565	20	IfStatement	213	235	23	false
frontend/app/(app)/dashboard/page.tsx	150	714	565	21	FirstStatement	237	237	1	false
frontend/app/(app)/dashboard/page.tsx	150	714	565	22	FirstStatement	238	254	17	false
frontend/app/(app)/dashboard/page.tsx	150	714	565	23	ReturnStatement	256	713	458	true
frontend/app/(app)/speaking/topics/speaking-topic-picker-client.tsx	93	417	325	1	FirstStatement	94	94	1	false
frontend/app/(app)/speaking/topics/speaking-topic-picker-client.tsx	93	417	325	2	FirstStatement	95	95	1	false
frontend/app/(app)/speaking/topics/speaking-topic-picker-client.tsx	93	417	325	3	FirstStatement	96	96	1	false
frontend/app/(app)/speaking/topics/speaking-topic-picker-client.tsx	93	417	325	4	FirstStatement	98	98	1	false
frontend/app/(app)/speaking/topics/speaking-topic-picker-client.tsx	93	417	325	5	FirstStatement	99	99	1	false
frontend/app/(app)/speaking/topics/speaking-topic-picker-client.tsx	93	417	325	6	FirstStatement	100	100	1	false
frontend/app/(app)/speaking/topics/speaking-topic-picker-client.tsx	93	417	325	7	FirstStatement	102	102	1	false
frontend/app/(app)/speaking/topics/speaking-topic-picker-client.tsx	93	417	325	8	FirstStatement	103	103	1	false
frontend/app/(app)/speaking/topics/speaking-topic-picker-client.tsx	93	417	325	9	FirstStatement	104	104	1	false
frontend/app/(app)/speaking/topics/speaking-topic-picker-client.tsx	93	417	325	10	FirstStatement	105	105	1	false
frontend/app/(app)/speaking/topics/speaking-topic-picker-client.tsx	93	417	325	11	FirstStatement	106	106	1	false
frontend/app/(app)/speaking/topics/speaking-topic-picker-client.tsx	93	417	325	12	FirstStatement	107	107	1	false
frontend/app/(app)/speaking/topics/speaking-topic-picker-client.tsx	93	417	325	13	FirstStatement	108	108	1	false
frontend/app/(app)/speaking/topics/speaking-topic-picker-client.tsx	93	417	325	14	FirstStatement	109	109	1	false
frontend/app/(app)/speaking/topics/speaking-topic-picker-client.tsx	93	417	325	15	FirstStatement	110	110	1	false
frontend/app/(app)/speaking/topics/speaking-topic-picker-client.tsx	93	417	325	16	FirstStatement	111	111	1	false
frontend/app/(app)/speaking/topics/speaking-topic-picker-client.tsx	93	417	325	17	FirstStatement	112	112	1	false
frontend/app/(app)/speaking/topics/speaking-topic-picker-client.tsx	93	417	325	18	ExpressionStatement	114	155	42	false
frontend/app/(app)/speaking/topics/speaking-topic-picker-client.tsx	93	417	325	19	FirstStatement	157	177	21	false
frontend/app/(app)/speaking/topics/speaking-topic-picker-client.tsx	93	417	325	20	FirstStatement	179	182	4	false
frontend/app/(app)/speaking/topics/speaking-topic-picker-client.tsx	93	417	325	21	FirstStatement	184	201	18	false
frontend/app/(app)/speaking/topics/speaking-topic-picker-client.tsx	93	417	325	22	FirstStatement	203	208	6	false
frontend/app/(app)/speaking/topics/speaking-topic-picker-client.tsx	93	417	325	23	FirstStatement	210	220	11	false
frontend/app/(app)/speaking/topics/speaking-topic-picker-client.tsx	93	417	325	24	ExpressionStatement	222	224	3	false
frontend/app/(app)/speaking/topics/speaking-topic-picker-client.tsx	93	417	325	25	ExpressionStatement	226	285	60	false
frontend/app/(app)/speaking/topics/speaking-topic-picker-client.tsx	93	417	325	26	ReturnStatement	287	416	130	true
frontend/app/(app)/speaking/microphone-check/microphone-check-client.tsx	42	351	310	1	FirstStatement	43	43	1	false
frontend/app/(app)/speaking/microphone-check/microphone-check-client.tsx	42	351	310	2	FirstStatement	44	44	1	false
frontend/app/(app)/speaking/microphone-check/microphone-check-client.tsx	42	351	310	3	FirstStatement	45	45	1	false
frontend/app/(app)/speaking/microphone-check/microphone-check-client.tsx	42	351	310	4	FirstStatement	46	46	1	false
frontend/app/(app)/speaking/microphone-check/microphone-check-client.tsx	42	351	310	5	FirstStatement	47	47	1	false
frontend/app/(app)/speaking/microphone-check/microphone-check-client.tsx	42	351	310	6	FirstStatement	48	48	1	false
frontend/app/(app)/speaking/microphone-check/microphone-check-client.tsx	42	351	310	7	FirstStatement	49	49	1	false
frontend/app/(app)/speaking/microphone-check/microphone-check-client.tsx	42	351	310	8	FirstStatement	50	50	1	false
frontend/app/(app)/speaking/microphone-check/microphone-check-client.tsx	42	351	310	9	FirstStatement	51	51	1	false
frontend/app/(app)/speaking/microphone-check/microphone-check-client.tsx	42	351	310	10	FirstStatement	52	52	1	false
frontend/app/(app)/speaking/microphone-check/microphone-check-client.tsx	42	351	310	11	FirstStatement	53	53	1	false
frontend/app/(app)/speaking/microphone-check/microphone-check-client.tsx	42	351	310	12	FirstStatement	54	54	1	false
frontend/app/(app)/speaking/microphone-check/microphone-check-client.tsx	42	351	310	13	FirstStatement	56	56	1	false
frontend/app/(app)/speaking/microphone-check/microphone-check-client.tsx	42	351	310	14	FirstStatement	57	57	1	false
frontend/app/(app)/speaking/microphone-check/microphone-check-client.tsx	42	351	310	15	FirstStatement	58	58	1	false
frontend/app/(app)/speaking/microphone-check/microphone-check-client.tsx	42	351	310	16	FirstStatement	59	59	1	false
frontend/app/(app)/speaking/microphone-check/microphone-check-client.tsx	42	351	310	17	FirstStatement	60	60	1	false
frontend/app/(app)/speaking/microphone-check/microphone-check-client.tsx	42	351	310	18	FirstStatement	61	61	1	false
frontend/app/(app)/speaking/microphone-check/microphone-check-client.tsx	42	351	310	19	FirstStatement	62	62	1	false
frontend/app/(app)/speaking/microphone-check/microphone-check-client.tsx	42	351	310	20	FirstStatement	63	63	1	false
frontend/app/(app)/speaking/microphone-check/microphone-check-client.tsx	42	351	310	21	FirstStatement	64	64	1	false
frontend/app/(app)/speaking/microphone-check/microphone-check-client.tsx	42	351	310	22	ExpressionStatement	66	77	12	false
frontend/app/(app)/speaking/microphone-check/microphone-check-client.tsx	42	351	310	23	FirstStatement	79	88	10	false
frontend/app/(app)/speaking/microphone-check/microphone-check-client.tsx	42	351	310	24	FirstStatement	90	111	22	false
frontend/app/(app)/speaking/microphone-check/microphone-check-client.tsx	42	351	310	25	FirstStatement	113	210	98	false
frontend/app/(app)/speaking/microphone-check/microphone-check-client.tsx	42	351	310	26	ExpressionStatement	212	233	22	false
frontend/app/(app)/speaking/microphone-check/microphone-check-client.tsx	42	351	310	27	FirstStatement	235	253	19	false
frontend/app/(app)/speaking/microphone-check/microphone-check-client.tsx	42	351	310	28	ExpressionStatement	255	288	34	false
frontend/app/(app)/speaking/microphone-check/microphone-check-client.tsx	42	351	310	29	ExpressionStatement	290	302	13	false
frontend/app/(app)/speaking/microphone-check/microphone-check-client.tsx	42	351	310	30	ReturnStatement	304	350	47	true
admin/app/(dashboard)/users/[id]/page.tsx	146	637	492	1	FirstStatement	147	147	1	false
admin/app/(dashboard)/users/[id]/page.tsx	146	637	492	2	FirstStatement	148	148	1	false
admin/app/(dashboard)/users/[id]/page.tsx	146	637	492	3	FirstStatement	149	149	1	false
admin/app/(dashboard)/users/[id]/page.tsx	146	637	492	4	FirstStatement	150	150	1	false
admin/app/(dashboard)/users/[id]/page.tsx	146	637	492	5	FirstStatement	151	151	1	false
admin/app/(dashboard)/users/[id]/page.tsx	146	637	492	6	FirstStatement	152	152	1	false
admin/app/(dashboard)/users/[id]/page.tsx	146	637	492	7	FirstStatement	153	153	1	false
admin/app/(dashboard)/users/[id]/page.tsx	146	637	492	8	FirstStatement	154	154	1	false
admin/app/(dashboard)/users/[id]/page.tsx	146	637	492	9	FirstStatement	155	155	1	false
admin/app/(dashboard)/users/[id]/page.tsx	146	637	492	10	FirstStatement	156	156	1	false
admin/app/(dashboard)/users/[id]/page.tsx	146	637	492	11	FirstStatement	157	157	1	false
admin/app/(dashboard)/users/[id]/page.tsx	146	637	492	12	FirstStatement	158	158	1	false
admin/app/(dashboard)/users/[id]/page.tsx	146	637	492	13	FirstStatement	159	159	1	false
admin/app/(dashboard)/users/[id]/page.tsx	146	637	492	14	ExpressionStatement	161	165	5	false
admin/app/(dashboard)/users/[id]/page.tsx	146	637	492	15	FirstStatement	167	167	1	false
admin/app/(dashboard)/users/[id]/page.tsx	146	637	492	16	FirstStatement	169	203	35	false
admin/app/(dashboard)/users/[id]/page.tsx	146	637	492	17	ExpressionStatement	205	205	1	false
admin/app/(dashboard)/users/[id]/page.tsx	146	637	492	18	FirstStatement	207	216	10	false
admin/app/(dashboard)/users/[id]/page.tsx	146	637	492	19	FirstStatement	218	228	11	false
admin/app/(dashboard)/users/[id]/page.tsx	146	637	492	20	FirstStatement	230	238	9	false
admin/app/(dashboard)/users/[id]/page.tsx	146	637	492	21	FirstStatement	240	242	3	false
admin/app/(dashboard)/users/[id]/page.tsx	146	637	492	22	FirstStatement	244	253	10	false
admin/app/(dashboard)/users/[id]/page.tsx	146	637	492	23	FirstStatement	255	263	9	false
admin/app/(dashboard)/users/[id]/page.tsx	146	637	492	24	IfStatement	265	265	1	false
admin/app/(dashboard)/users/[id]/page.tsx	146	637	492	25	IfStatement	266	271	6	false
admin/app/(dashboard)/users/[id]/page.tsx	146	637	492	26	FirstStatement	273	273	1	false
admin/app/(dashboard)/users/[id]/page.tsx	146	637	492	27	FirstStatement	274	274	1	false
admin/app/(dashboard)/users/[id]/page.tsx	146	637	492	28	FirstStatement	275	275	1	false
admin/app/(dashboard)/users/[id]/page.tsx	146	637	492	29	FirstStatement	276	276	1	false
admin/app/(dashboard)/users/[id]/page.tsx	146	637	492	30	FirstStatement	277	277	1	false
admin/app/(dashboard)/users/[id]/page.tsx	146	637	492	31	FirstStatement	278	278	1	false
admin/app/(dashboard)/users/[id]/page.tsx	146	637	492	32	ReturnStatement	280	636	357	true
admin/app/(dashboard)/writing/page.tsx	215	591	377	1	FirstStatement	216	216	1	false
admin/app/(dashboard)/writing/page.tsx	215	591	377	2	FirstStatement	217	217	1	false
admin/app/(dashboard)/writing/page.tsx	215	591	377	3	FirstStatement	218	218	1	false
admin/app/(dashboard)/writing/page.tsx	215	591	377	4	FirstStatement	219	219	1	false
admin/app/(dashboard)/writing/page.tsx	215	591	377	5	FirstStatement	220	220	1	false
admin/app/(dashboard)/writing/page.tsx	215	591	377	6	FirstStatement	221	221	1	false
admin/app/(dashboard)/writing/page.tsx	215	591	377	7	FirstStatement	222	222	1	false
admin/app/(dashboard)/writing/page.tsx	215	591	377	8	FirstStatement	223	223	1	false
admin/app/(dashboard)/writing/page.tsx	215	591	377	9	FirstStatement	224	224	1	false
admin/app/(dashboard)/writing/page.tsx	215	591	377	10	FirstStatement	225	225	1	false
admin/app/(dashboard)/writing/page.tsx	215	591	377	11	FirstStatement	226	226	1	false
admin/app/(dashboard)/writing/page.tsx	215	591	377	12	FirstStatement	227	227	1	false
admin/app/(dashboard)/writing/page.tsx	215	591	377	13	ExpressionStatement	230	233	4	false
admin/app/(dashboard)/writing/page.tsx	215	591	377	14	ExpressionStatement	235	237	3	false
admin/app/(dashboard)/writing/page.tsx	215	591	377	15	FirstStatement	239	260	22	false
admin/app/(dashboard)/writing/page.tsx	215	591	377	16	ExpressionStatement	262	264	3	false
admin/app/(dashboard)/writing/page.tsx	215	591	377	17	FirstStatement	266	266	1	false
admin/app/(dashboard)/writing/page.tsx	215	591	377	18	FirstStatement	267	268	2	false
admin/app/(dashboard)/writing/page.tsx	215	591	377	19	FunctionDeclaration	270	274	5	false
admin/app/(dashboard)/writing/page.tsx	215	591	377	20	FunctionDeclaration	276	292	17	false
admin/app/(dashboard)/writing/page.tsx	215	591	377	21	FunctionDeclaration	294	307	14	false
admin/app/(dashboard)/writing/page.tsx	215	591	377	22	ReturnStatement	309	590	282	true
admin/components/writing-task-form.tsx	132	628	497	1	FirstStatement	133	133	1	false
admin/components/writing-task-form.tsx	132	628	497	2	FirstStatement	134	134	1	false
admin/components/writing-task-form.tsx	132	628	497	3	FirstStatement	135	135	1	false
admin/components/writing-task-form.tsx	132	628	497	4	FirstStatement	136	136	1	false
admin/components/writing-task-form.tsx	132	628	497	5	FirstStatement	137	137	1	false
admin/components/writing-task-form.tsx	132	628	497	6	FirstStatement	138	138	1	false
admin/components/writing-task-form.tsx	132	628	497	7	FirstStatement	139	139	1	false
admin/components/writing-task-form.tsx	132	628	497	8	FirstStatement	140	140	1	false
admin/components/writing-task-form.tsx	132	628	497	9	FirstStatement	141	141	1	false
admin/components/writing-task-form.tsx	132	628	497	10	FirstStatement	142	144	3	false
admin/components/writing-task-form.tsx	132	628	497	11	FirstStatement	145	145	1	false
admin/components/writing-task-form.tsx	132	628	497	12	FirstStatement	146	146	1	false
admin/components/writing-task-form.tsx	132	628	497	13	FirstStatement	147	147	1	false
admin/components/writing-task-form.tsx	132	628	497	14	FirstStatement	148	148	1	false
admin/components/writing-task-form.tsx	132	628	497	15	ExpressionStatement	151	156	6	false
admin/components/writing-task-form.tsx	132	628	497	16	ExpressionStatement	158	164	7	false
admin/components/writing-task-form.tsx	132	628	497	17	FirstStatement	166	166	1	false
admin/components/writing-task-form.tsx	132	628	497	18	FirstStatement	167	167	1	false
admin/components/writing-task-form.tsx	132	628	497	19	FunctionDeclaration	169	171	3	false
admin/components/writing-task-form.tsx	132	628	497	20	FunctionDeclaration	173	190	18	false
admin/components/writing-task-form.tsx	132	628	497	21	FunctionDeclaration	192	212	21	false
admin/components/writing-task-form.tsx	132	628	497	22	FunctionDeclaration	214	241	28	false
admin/components/writing-task-form.tsx	132	628	497	23	FunctionDeclaration	243	249	7	false
admin/components/writing-task-form.tsx	132	628	497	24	FunctionDeclaration	251	256	6	false
admin/components/writing-task-form.tsx	132	628	497	25	FunctionDeclaration	258	271	14	false
admin/components/writing-task-form.tsx	132	628	497	26	FunctionDeclaration	273	314	42	false
admin/components/writing-task-form.tsx	132	628	497	27	ReturnStatement	316	627	312	true
admin/components/payments-manager.tsx	112	615	504	1	FirstStatement	113	113	1	false
admin/components/payments-manager.tsx	112	615	504	2	FirstStatement	114	114	1	false
admin/components/payments-manager.tsx	112	615	504	3	FirstStatement	115	115	1	false
admin/components/payments-manager.tsx	112	615	504	4	FirstStatement	116	116	1	false
admin/components/payments-manager.tsx	112	615	504	5	FirstStatement	117	117	1	false
admin/components/payments-manager.tsx	112	615	504	6	FirstStatement	118	118	1	false
admin/components/payments-manager.tsx	112	615	504	7	FirstStatement	119	119	1	false
admin/components/payments-manager.tsx	112	615	504	8	FirstStatement	120	120	1	false
admin/components/payments-manager.tsx	112	615	504	9	FirstStatement	121	121	1	false
admin/components/payments-manager.tsx	112	615	504	10	FirstStatement	122	122	1	false
admin/components/payments-manager.tsx	112	615	504	11	FirstStatement	123	123	1	false
admin/components/payments-manager.tsx	112	615	504	12	FirstStatement	124	124	1	false
admin/components/payments-manager.tsx	112	615	504	13	FirstStatement	125	125	1	false
admin/components/payments-manager.tsx	112	615	504	14	FirstStatement	126	126	1	false
admin/components/payments-manager.tsx	112	615	504	15	FirstStatement	127	127	1	false
admin/components/payments-manager.tsx	112	615	504	16	ExpressionStatement	129	137	9	false
admin/components/payments-manager.tsx	112	615	504	17	ExpressionStatement	139	145	7	false
admin/components/payments-manager.tsx	112	615	504	18	FirstStatement	147	152	6	false
admin/components/payments-manager.tsx	112	615	504	19	FunctionDeclaration	154	178	25	false
admin/components/payments-manager.tsx	112	615	504	20	FunctionDeclaration	180	203	24	false
admin/components/payments-manager.tsx	112	615	504	21	FunctionDeclaration	205	244	40	false
admin/components/payments-manager.tsx	112	615	504	22	FunctionDeclaration	246	269	24	false
admin/components/payments-manager.tsx	112	615	504	23	FunctionDeclaration	271	308	38	false
admin/components/payments-manager.tsx	112	615	504	24	ReturnStatement	310	614	305	true
admin/components/plans/plan-manager.tsx	146	599	454	1	FirstStatement	147	147	1	false
admin/components/plans/plan-manager.tsx	146	599	454	2	FirstStatement	148	148	1	false
admin/components/plans/plan-manager.tsx	146	599	454	3	FirstStatement	149	149	1	false
admin/components/plans/plan-manager.tsx	146	599	454	4	FirstStatement	150	150	1	false
admin/components/plans/plan-manager.tsx	146	599	454	5	FirstStatement	151	151	1	false
admin/components/plans/plan-manager.tsx	146	599	454	6	ExpressionStatement	153	155	3	false
admin/components/plans/plan-manager.tsx	146	599	454	7	ExpressionStatement	157	164	8	false
admin/components/plans/plan-manager.tsx	146	599	454	8	ExpressionStatement	166	180	15	false
admin/components/plans/plan-manager.tsx	146	599	454	9	FirstStatement	182	182	1	false
admin/components/plans/plan-manager.tsx	146	599	454	10	FirstStatement	183	183	1	false
admin/components/plans/plan-manager.tsx	146	599	454	11	FirstStatement	184	184	1	false
admin/components/plans/plan-manager.tsx	146	599	454	12	FirstStatement	186	200	15	false
admin/components/plans/plan-manager.tsx	146	599	454	13	FirstStatement	202	205	4	false
admin/components/plans/plan-manager.tsx	146	599	454	14	FirstStatement	207	210	4	false
admin/components/plans/plan-manager.tsx	146	599	454	15	FirstStatement	212	218	7	false
admin/components/plans/plan-manager.tsx	146	599	454	16	FirstStatement	220	288	69	false
admin/components/plans/plan-manager.tsx	146	599	454	17	ReturnStatement	290	598	309	true
admin/app/(dashboard)/users/page.tsx	76	507	432	1	FirstStatement	77	77	1	false
admin/app/(dashboard)/users/page.tsx	76	507	432	2	FirstStatement	78	78	1	false
admin/app/(dashboard)/users/page.tsx	76	507	432	3	FirstStatement	79	79	1	false
admin/app/(dashboard)/users/page.tsx	76	507	432	4	FirstStatement	80	80	1	false
admin/app/(dashboard)/users/page.tsx	76	507	432	5	FirstStatement	81	81	1	false
admin/app/(dashboard)/users/page.tsx	76	507	432	6	FirstStatement	82	82	1	false
admin/app/(dashboard)/users/page.tsx	76	507	432	7	FirstStatement	83	83	1	false
admin/app/(dashboard)/users/page.tsx	76	507	432	8	FirstStatement	84	84	1	false
admin/app/(dashboard)/users/page.tsx	76	507	432	9	FirstStatement	85	85	1	false
admin/app/(dashboard)/users/page.tsx	76	507	432	10	FirstStatement	86	86	1	false
admin/app/(dashboard)/users/page.tsx	76	507	432	11	FirstStatement	87	87	1	false
admin/app/(dashboard)/users/page.tsx	76	507	432	12	FirstStatement	88	98	11	false
admin/app/(dashboard)/users/page.tsx	76	507	432	13	FirstStatement	99	99	1	false
admin/app/(dashboard)/users/page.tsx	76	507	432	14	FirstStatement	101	101	1	false
admin/app/(dashboard)/users/page.tsx	76	507	432	15	FirstStatement	102	102	1	false
admin/app/(dashboard)/users/page.tsx	76	507	432	16	FirstStatement	103	103	1	false
admin/app/(dashboard)/users/page.tsx	76	507	432	17	FirstStatement	105	105	1	false
admin/app/(dashboard)/users/page.tsx	76	507	432	18	FirstStatement	106	106	1	false
admin/app/(dashboard)/users/page.tsx	76	507	432	19	ExpressionStatement	108	117	10	false
admin/app/(dashboard)/users/page.tsx	76	507	432	20	ExpressionStatement	119	123	5	false
admin/app/(dashboard)/users/page.tsx	76	507	432	21	FirstStatement	125	174	50	false
admin/app/(dashboard)/users/page.tsx	76	507	432	22	ExpressionStatement	176	176	1	false
admin/app/(dashboard)/users/page.tsx	76	507	432	23	FirstStatement	178	189	12	false
admin/app/(dashboard)/users/page.tsx	76	507	432	24	FirstStatement	191	191	1	false
admin/app/(dashboard)/users/page.tsx	76	507	432	25	FirstStatement	192	192	1	false
admin/app/(dashboard)/users/page.tsx	76	507	432	26	FirstStatement	193	193	1	false
admin/app/(dashboard)/users/page.tsx	76	507	432	27	FirstStatement	195	213	19	false
admin/app/(dashboard)/users/page.tsx	76	507	432	28	FirstStatement	215	262	48	false
admin/app/(dashboard)/users/page.tsx	76	507	432	29	FirstStatement	264	264	1	false
admin/app/(dashboard)/users/page.tsx	76	507	432	30	ReturnStatement	266	506	241	true
admin/app/(dashboard)/settings/page.tsx	35	435	401	1	FirstStatement	36	36	1	false
admin/app/(dashboard)/settings/page.tsx	35	435	401	2	FirstStatement	37	37	1	false
admin/app/(dashboard)/settings/page.tsx	35	435	401	3	FirstStatement	38	38	1	false
admin/app/(dashboard)/settings/page.tsx	35	435	401	4	FirstStatement	39	39	1	false
admin/app/(dashboard)/settings/page.tsx	35	435	401	5	FirstStatement	42	42	1	false
admin/app/(dashboard)/settings/page.tsx	35	435	401	6	FirstStatement	43	43	1	false
admin/app/(dashboard)/settings/page.tsx	35	435	401	7	FirstStatement	44	44	1	false
admin/app/(dashboard)/settings/page.tsx	35	435	401	8	FirstStatement	45	45	1	false
admin/app/(dashboard)/settings/page.tsx	35	435	401	9	FirstStatement	46	46	1	false
admin/app/(dashboard)/settings/page.tsx	35	435	401	10	FirstStatement	47	47	1	false
admin/app/(dashboard)/settings/page.tsx	35	435	401	11	FirstStatement	48	48	1	false
admin/app/(dashboard)/settings/page.tsx	35	435	401	12	FirstStatement	49	49	1	false
admin/app/(dashboard)/settings/page.tsx	35	435	401	13	FirstStatement	51	51	1	false
admin/app/(dashboard)/settings/page.tsx	35	435	401	14	FirstStatement	52	52	1	false
admin/app/(dashboard)/settings/page.tsx	35	435	401	15	FirstStatement	54	65	12	false
admin/app/(dashboard)/settings/page.tsx	35	435	401	16	ExpressionStatement	67	67	1	false
admin/app/(dashboard)/settings/page.tsx	35	435	401	17	FirstStatement	69	86	18	false
admin/app/(dashboard)/settings/page.tsx	35	435	401	18	FirstStatement	88	105	18	false
admin/app/(dashboard)/settings/page.tsx	35	435	401	19	FirstStatement	107	117	11	false
admin/app/(dashboard)/settings/page.tsx	35	435	401	20	FirstStatement	119	124	6	false
admin/app/(dashboard)/settings/page.tsx	35	435	401	21	FirstStatement	126	185	60	false
admin/app/(dashboard)/settings/page.tsx	35	435	401	22	IfStatement	187	187	1	false
admin/app/(dashboard)/settings/page.tsx	35	435	401	23	IfStatement	189	189	1	false
admin/app/(dashboard)/settings/page.tsx	35	435	401	24	ReturnStatement	191	434	244	true
frontend/app/(app)/dashboard/streak-heatmap.tsx	175	496	322	1	FirstStatement	176	176	1	false
frontend/app/(app)/dashboard/streak-heatmap.tsx	175	496	322	2	FirstStatement	177	177	1	false
frontend/app/(app)/dashboard/streak-heatmap.tsx	175	496	322	3	FirstStatement	179	185	7	false
frontend/app/(app)/dashboard/streak-heatmap.tsx	175	496	322	4	FirstStatement	187	200	14	false
frontend/app/(app)/dashboard/streak-heatmap.tsx	175	496	322	5	FirstStatement	202	208	7	false
frontend/app/(app)/dashboard/streak-heatmap.tsx	175	496	322	6	FirstStatement	210	210	1	false
frontend/app/(app)/dashboard/streak-heatmap.tsx	175	496	322	7	FirstStatement	212	212	1	false
frontend/app/(app)/dashboard/streak-heatmap.tsx	175	496	322	8	FirstStatement	213	216	4	false
frontend/app/(app)/dashboard/streak-heatmap.tsx	175	496	322	9	FirstStatement	218	218	1	false
frontend/app/(app)/dashboard/streak-heatmap.tsx	175	496	322	10	FirstStatement	220	220	1	false
frontend/app/(app)/dashboard/streak-heatmap.tsx	175	496	322	11	FirstStatement	221	223	3	false
frontend/app/(app)/dashboard/streak-heatmap.tsx	175	496	322	12	FirstStatement	224	226	3	false
frontend/app/(app)/dashboard/streak-heatmap.tsx	175	496	322	13	FirstStatement	227	227	1	false
frontend/app/(app)/dashboard/streak-heatmap.tsx	175	496	322	14	FirstStatement	228	230	3	false
frontend/app/(app)/dashboard/streak-heatmap.tsx	175	496	322	15	FirstStatement	231	231	1	false
frontend/app/(app)/dashboard/streak-heatmap.tsx	175	496	322	16	FirstStatement	232	232	1	false
frontend/app/(app)/dashboard/streak-heatmap.tsx	175	496	322	17	FirstStatement	234	234	1	false
frontend/app/(app)/dashboard/streak-heatmap.tsx	175	496	322	18	FirstStatement	235	235	1	false
frontend/app/(app)/dashboard/streak-heatmap.tsx	175	496	322	19	FirstStatement	236	236	1	false
frontend/app/(app)/dashboard/streak-heatmap.tsx	175	496	322	20	FirstStatement	237	237	1	false
frontend/app/(app)/dashboard/streak-heatmap.tsx	175	496	322	21	FunctionDeclaration	239	249	11	false
frontend/app/(app)/dashboard/streak-heatmap.tsx	175	496	322	22	ReturnStatement	251	495	245	true
frontend/components/exam/listening-transcript-panel.tsx	94	493	400	1	FirstStatement	101	101	1	false
frontend/components/exam/listening-transcript-panel.tsx	94	493	400	2	FirstStatement	102	102	1	false
frontend/components/exam/listening-transcript-panel.tsx	94	493	400	3	FirstStatement	103	103	1	false
frontend/components/exam/listening-transcript-panel.tsx	94	493	400	4	FirstStatement	104	104	1	false
frontend/components/exam/listening-transcript-panel.tsx	94	493	400	5	FirstStatement	105	105	1	false
frontend/components/exam/listening-transcript-panel.tsx	94	493	400	6	FirstStatement	106	106	1	false
frontend/components/exam/listening-transcript-panel.tsx	94	493	400	7	FirstStatement	108	124	17	false
frontend/components/exam/listening-transcript-panel.tsx	94	493	400	8	FirstStatement	126	137	12	false
frontend/components/exam/listening-transcript-panel.tsx	94	493	400	9	FirstStatement	139	147	9	false
frontend/components/exam/listening-transcript-panel.tsx	94	493	400	10	ExpressionStatement	149	151	3	false
frontend/components/exam/listening-transcript-panel.tsx	94	493	400	11	ExpressionStatement	153	316	164	false
frontend/components/exam/listening-transcript-panel.tsx	94	493	400	12	ExpressionStatement	318	343	26	false
frontend/components/exam/listening-transcript-panel.tsx	94	493	400	13	ExpressionStatement	345	358	14	false
frontend/components/exam/listening-transcript-panel.tsx	94	493	400	14	FunctionDeclaration	360	389	30	false
frontend/components/exam/listening-transcript-panel.tsx	94	493	400	15	FunctionDeclaration	391	396	6	false
frontend/components/exam/listening-transcript-panel.tsx	94	493	400	16	FunctionDeclaration	398	403	6	false
frontend/components/exam/listening-transcript-panel.tsx	94	493	400	17	ReturnStatement	405	492	88	true
admin/app/(dashboard)/tests/page.tsx	121	493	373	1	FirstStatement	122	122	1	false
admin/app/(dashboard)/tests/page.tsx	121	493	373	2	FirstStatement	123	123	1	false
admin/app/(dashboard)/tests/page.tsx	121	493	373	3	FirstStatement	124	124	1	false
admin/app/(dashboard)/tests/page.tsx	121	493	373	4	FirstStatement	126	126	1	false
admin/app/(dashboard)/tests/page.tsx	121	493	373	5	FirstStatement	127	127	1	false
admin/app/(dashboard)/tests/page.tsx	121	493	373	6	FirstStatement	128	128	1	false
admin/app/(dashboard)/tests/page.tsx	121	493	373	7	FirstStatement	129	129	1	false
admin/app/(dashboard)/tests/page.tsx	121	493	373	8	FirstStatement	130	130	1	false
admin/app/(dashboard)/tests/page.tsx	121	493	373	9	FirstStatement	131	131	1	false
admin/app/(dashboard)/tests/page.tsx	121	493	373	10	FirstStatement	132	132	1	false
admin/app/(dashboard)/tests/page.tsx	121	493	373	11	FirstStatement	133	133	1	false
admin/app/(dashboard)/tests/page.tsx	121	493	373	12	FirstStatement	134	134	1	false
admin/app/(dashboard)/tests/page.tsx	121	493	373	13	FirstStatement	136	136	1	false
admin/app/(dashboard)/tests/page.tsx	121	493	373	14	FirstStatement	137	137	1	false
admin/app/(dashboard)/tests/page.tsx	121	493	373	15	FirstStatement	138	138	1	false
admin/app/(dashboard)/tests/page.tsx	121	493	373	16	FirstStatement	139	139	1	false
admin/app/(dashboard)/tests/page.tsx	121	493	373	17	FirstStatement	141	141	1	false
admin/app/(dashboard)/tests/page.tsx	121	493	373	18	FirstStatement	143	148	6	false
admin/app/(dashboard)/tests/page.tsx	121	493	373	19	ExpressionStatement	150	156	7	false
admin/app/(dashboard)/tests/page.tsx	121	493	373	20	FirstStatement	158	170	13	false
admin/app/(dashboard)/tests/page.tsx	121	493	373	21	ExpressionStatement	172	172	1	false
admin/app/(dashboard)/tests/page.tsx	121	493	373	22	FirstStatement	174	182	9	false
admin/app/(dashboard)/tests/page.tsx	121	493	373	23	FirstStatement	184	205	22	false
admin/app/(dashboard)/tests/page.tsx	121	493	373	24	FirstStatement	207	207	1	false
admin/app/(dashboard)/tests/page.tsx	121	493	373	25	FirstStatement	208	211	4	false
admin/app/(dashboard)/tests/page.tsx	121	493	373	26	FirstStatement	212	214	3	false
admin/app/(dashboard)/tests/page.tsx	121	493	373	27	FirstStatement	216	221	6	false
admin/app/(dashboard)/tests/page.tsx	121	493	373	28	FirstStatement	223	223	1	false
admin/app/(dashboard)/tests/page.tsx	121	493	373	29	FirstStatement	224	224	1	false
admin/app/(dashboard)/tests/page.tsx	121	493	373	30	FirstStatement	225	225	1	false
admin/app/(dashboard)/tests/page.tsx	121	493	373	31	FirstStatement	227	245	19	false
admin/app/(dashboard)/tests/page.tsx	121	493	373	32	FirstStatement	247	267	21	false
admin/app/(dashboard)/tests/page.tsx	121	493	373	33	ReturnStatement	269	492	224	true
frontend/app/(app)/settings/page.tsx	17	488	472	1	FirstStatement	18	18	1	false
frontend/app/(app)/settings/page.tsx	17	488	472	2	FirstStatement	19	19	1	false
frontend/app/(app)/settings/page.tsx	17	488	472	3	FirstStatement	20	20	1	false
frontend/app/(app)/settings/page.tsx	17	488	472	4	FirstStatement	21	21	1	false
frontend/app/(app)/settings/page.tsx	17	488	472	5	FirstStatement	22	22	1	false
frontend/app/(app)/settings/page.tsx	17	488	472	6	FirstStatement	23	23	1	false
frontend/app/(app)/settings/page.tsx	17	488	472	7	FirstStatement	24	24	1	false
frontend/app/(app)/settings/page.tsx	17	488	472	8	FirstStatement	26	26	1	false
frontend/app/(app)/settings/page.tsx	17	488	472	9	FirstStatement	27	27	1	false
frontend/app/(app)/settings/page.tsx	17	488	472	10	FirstStatement	28	28	1	false
frontend/app/(app)/settings/page.tsx	17	488	472	11	FirstStatement	29	29	1	false
frontend/app/(app)/settings/page.tsx	17	488	472	12	FirstStatement	31	31	1	false
frontend/app/(app)/settings/page.tsx	17	488	472	13	FirstStatement	33	49	17	false
frontend/app/(app)/settings/page.tsx	17	488	472	14	ExpressionStatement	51	53	3	false
frontend/app/(app)/settings/page.tsx	17	488	472	15	ExpressionStatement	55	83	29	false
frontend/app/(app)/settings/page.tsx	17	488	472	16	ExpressionStatement	85	87	3	false
frontend/app/(app)/settings/page.tsx	17	488	472	17	FirstStatement	89	99	11	false
frontend/app/(app)/settings/page.tsx	17	488	472	18	FirstStatement	101	116	16	false
frontend/app/(app)/settings/page.tsx	17	488	472	19	FirstStatement	118	142	25	false
frontend/app/(app)/settings/page.tsx	17	488	472	20	FirstStatement	144	162	19	false
frontend/app/(app)/settings/page.tsx	17	488	472	21	FirstStatement	164	174	11	false
frontend/app/(app)/settings/page.tsx	17	488	472	22	FirstStatement	176	179	4	false
frontend/app/(app)/settings/page.tsx	17	488	472	23	FirstStatement	181	192	12	false
frontend/app/(app)/settings/page.tsx	17	488	472	24	FirstStatement	194	227	34	false
frontend/app/(app)/settings/page.tsx	17	488	472	25	ReturnStatement	229	487	259	true
admin/app/(dashboard)/reviews/page.tsx	75	437	363	1	FirstStatement	76	76	1	false
admin/app/(dashboard)/reviews/page.tsx	75	437	363	2	FirstStatement	77	77	1	false
admin/app/(dashboard)/reviews/page.tsx	75	437	363	3	FirstStatement	78	78	1	false
admin/app/(dashboard)/reviews/page.tsx	75	437	363	4	FirstStatement	79	79	1	false
admin/app/(dashboard)/reviews/page.tsx	75	437	363	5	FirstStatement	80	80	1	false
admin/app/(dashboard)/reviews/page.tsx	75	437	363	6	FirstStatement	81	81	1	false
admin/app/(dashboard)/reviews/page.tsx	75	437	363	7	FirstStatement	82	82	1	false
admin/app/(dashboard)/reviews/page.tsx	75	437	363	8	FirstStatement	83	83	1	false
admin/app/(dashboard)/reviews/page.tsx	75	437	363	9	FirstStatement	84	84	1	false
admin/app/(dashboard)/reviews/page.tsx	75	437	363	10	FirstStatement	85	85	1	false
admin/app/(dashboard)/reviews/page.tsx	75	437	363	11	FirstStatement	86	86	1	false
admin/app/(dashboard)/reviews/page.tsx	75	437	363	12	FirstStatement	87	87	1	false
admin/app/(dashboard)/reviews/page.tsx	75	437	363	13	FirstStatement	88	88	1	false
admin/app/(dashboard)/reviews/page.tsx	75	437	363	14	FirstStatement	89	89	1	false
admin/app/(dashboard)/reviews/page.tsx	75	437	363	15	FirstStatement	90	90	1	false
admin/app/(dashboard)/reviews/page.tsx	75	437	363	16	FirstStatement	91	91	1	false
admin/app/(dashboard)/reviews/page.tsx	75	437	363	17	FirstStatement	93	114	22	false
admin/app/(dashboard)/reviews/page.tsx	75	437	363	18	ExpressionStatement	116	118	3	false
admin/app/(dashboard)/reviews/page.tsx	75	437	363	19	FirstStatement	120	142	23	false
admin/app/(dashboard)/reviews/page.tsx	75	437	363	20	FirstStatement	144	149	6	false
admin/app/(dashboard)/reviews/page.tsx	75	437	363	21	FirstStatement	151	158	8	false
admin/app/(dashboard)/reviews/page.tsx	75	437	363	22	FirstStatement	160	185	26	false
admin/app/(dashboard)/reviews/page.tsx	75	437	363	23	FirstStatement	187	198	12	false
admin/app/(dashboard)/reviews/page.tsx	75	437	363	24	ReturnStatement	200	436	237	true
frontend/components/layout/app-shell.tsx	32	470	439	1	FirstStatement	33	33	1	false
frontend/components/layout/app-shell.tsx	32	470	439	2	FirstStatement	34	34	1	false
frontend/components/layout/app-shell.tsx	32	470	439	3	FirstStatement	35	35	1	false
frontend/components/layout/app-shell.tsx	32	470	439	4	FirstStatement	36	36	1	false
frontend/components/layout/app-shell.tsx	32	470	439	5	FirstStatement	37	37	1	false
frontend/components/layout/app-shell.tsx	32	470	439	6	FirstStatement	38	38	1	false
frontend/components/layout/app-shell.tsx	32	470	439	7	FirstStatement	39	39	1	false
frontend/components/layout/app-shell.tsx	32	470	439	8	FirstStatement	40	40	1	false
frontend/components/layout/app-shell.tsx	32	470	439	9	FirstStatement	41	41	1	false
frontend/components/layout/app-shell.tsx	32	470	439	10	FirstStatement	42	42	1	false
frontend/components/layout/app-shell.tsx	32	470	439	11	FirstStatement	43	43	1	false
frontend/components/layout/app-shell.tsx	32	470	439	12	FirstStatement	44	46	3	false
frontend/components/layout/app-shell.tsx	32	470	439	13	FirstStatement	47	47	1	false
frontend/components/layout/app-shell.tsx	32	470	439	14	FirstStatement	49	61	13	false
frontend/components/layout/app-shell.tsx	32	470	439	15	ExpressionStatement	63	70	8	false
frontend/components/layout/app-shell.tsx	32	470	439	16	ExpressionStatement	72	74	3	false
frontend/components/layout/app-shell.tsx	32	470	439	17	ExpressionStatement	76	78	3	false
frontend/components/layout/app-shell.tsx	32	470	439	18	ExpressionStatement	80	98	19	false
frontend/components/layout/app-shell.tsx	32	470	439	19	ExpressionStatement	100	107	8	false
frontend/components/layout/app-shell.tsx	32	470	439	20	ExpressionStatement	109	115	7	false
frontend/components/layout/app-shell.tsx	32	470	439	21	ExpressionStatement	117	156	40	false
frontend/components/layout/app-shell.tsx	32	470	439	22	ExpressionStatement	158	164	7	false
frontend/components/layout/app-shell.tsx	32	470	439	23	IfStatement	166	168	3	false
frontend/components/layout/app-shell.tsx	32	470	439	24	IfStatement	170	172	3	false
frontend/components/layout/app-shell.tsx	32	470	439	25	FirstStatement	174	185	12	false
frontend/components/layout/app-shell.tsx	32	470	439	26	FirstStatement	187	325	139	false
frontend/components/layout/app-shell.tsx	32	470	439	27	FirstStatement	327	371	45	false
frontend/components/layout/app-shell.tsx	32	470	439	28	FirstStatement	373	380	8	false
frontend/components/layout/app-shell.tsx	32	470	439	29	ReturnStatement	382	469	88	true
frontend/components/marketing/login-page-client.tsx	31	450	420	1	FirstStatement	32	32	1	false
frontend/components/marketing/login-page-client.tsx	31	450	420	2	FirstStatement	33	33	1	false
frontend/components/marketing/login-page-client.tsx	31	450	420	3	FirstStatement	34	34	1	false
frontend/components/marketing/login-page-client.tsx	31	450	420	4	FirstStatement	35	35	1	false
frontend/components/marketing/login-page-client.tsx	31	450	420	5	FirstStatement	36	36	1	false
frontend/components/marketing/login-page-client.tsx	31	450	420	6	FirstStatement	37	37	1	false
frontend/components/marketing/login-page-client.tsx	31	450	420	7	FirstStatement	38	38	1	false
frontend/components/marketing/login-page-client.tsx	31	450	420	8	FirstStatement	39	39	1	false
frontend/components/marketing/login-page-client.tsx	31	450	420	9	FirstStatement	40	42	3	false
frontend/components/marketing/login-page-client.tsx	31	450	420	10	ExpressionStatement	44	49	6	false
frontend/components/marketing/login-page-client.tsx	31	450	420	11	FirstStatement	51	51	1	false
frontend/components/marketing/login-page-client.tsx	31	450	420	12	FirstStatement	52	52	1	false
frontend/components/marketing/login-page-client.tsx	31	450	420	13	FirstStatement	53	53	1	false
frontend/components/marketing/login-page-client.tsx	31	450	420	14	FirstStatement	54	54	1	false
frontend/components/marketing/login-page-client.tsx	31	450	420	15	FirstStatement	55	55	1	false
frontend/components/marketing/login-page-client.tsx	31	450	420	16	FirstStatement	56	56	1	false
frontend/components/marketing/login-page-client.tsx	31	450	420	17	FirstStatement	57	57	1	false
frontend/components/marketing/login-page-client.tsx	31	450	420	18	FirstStatement	59	59	1	false
frontend/components/marketing/login-page-client.tsx	31	450	420	19	FirstStatement	61	139	79	false
frontend/components/marketing/login-page-client.tsx	31	450	420	20	IfStatement	141	147	7	false
frontend/components/marketing/login-page-client.tsx	31	450	420	21	FirstStatement	150	150	1	false
frontend/components/marketing/login-page-client.tsx	31	450	420	22	ReturnStatement	152	449	298	true
admin/app/(dashboard)/writing/submissions/page.tsx	155	447	293	1	FirstStatement	156	156	1	false
admin/app/(dashboard)/writing/submissions/page.tsx	155	447	293	2	FirstStatement	157	157	1	false
admin/app/(dashboard)/writing/submissions/page.tsx	155	447	293	3	FirstStatement	158	158	1	false
admin/app/(dashboard)/writing/submissions/page.tsx	155	447	293	4	FirstStatement	159	159	1	false
admin/app/(dashboard)/writing/submissions/page.tsx	155	447	293	5	FirstStatement	161	161	1	false
admin/app/(dashboard)/writing/submissions/page.tsx	155	447	293	6	FirstStatement	162	162	1	false
admin/app/(dashboard)/writing/submissions/page.tsx	155	447	293	7	FirstStatement	163	163	1	false
admin/app/(dashboard)/writing/submissions/page.tsx	155	447	293	8	FirstStatement	164	164	1	false
admin/app/(dashboard)/writing/submissions/page.tsx	155	447	293	9	FirstStatement	165	165	1	false
admin/app/(dashboard)/writing/submissions/page.tsx	155	447	293	10	FirstStatement	166	166	1	false
admin/app/(dashboard)/writing/submissions/page.tsx	155	447	293	11	FirstStatement	167	167	1	false
admin/app/(dashboard)/writing/submissions/page.tsx	155	447	293	12	FirstStatement	168	168	1	false
admin/app/(dashboard)/writing/submissions/page.tsx	155	447	293	13	FirstStatement	169	169	1	false
admin/app/(dashboard)/writing/submissions/page.tsx	155	447	293	14	FirstStatement	170	170	1	false
admin/app/(dashboard)/writing/submissions/page.tsx	155	447	293	15	ExpressionStatement	172	174	3	false
admin/app/(dashboard)/writing/submissions/page.tsx	155	447	293	16	FirstStatement	176	197	22	false
admin/app/(dashboard)/writing/submissions/page.tsx	155	447	293	17	ExpressionStatement	199	201	3	false
admin/app/(dashboard)/writing/submissions/page.tsx	155	447	293	18	FirstStatement	203	203	1	false
admin/app/(dashboard)/writing/submissions/page.tsx	155	447	293	19	FirstStatement	204	204	1	false
admin/app/(dashboard)/writing/submissions/page.tsx	155	447	293	20	FunctionDeclaration	206	210	5	false
admin/app/(dashboard)/writing/submissions/page.tsx	155	447	293	21	FunctionDeclaration	212	224	13	false
admin/app/(dashboard)/writing/submissions/page.tsx	155	447	293	22	ReturnStatement	226	446	221	true
admin/app/(dashboard)/writing/[taskId]/page.tsx	65	445	381	1	FirstStatement	66	66	1	false
admin/app/(dashboard)/writing/[taskId]/page.tsx	65	445	381	2	FirstStatement	67	67	1	false
admin/app/(dashboard)/writing/[taskId]/page.tsx	65	445	381	3	FirstStatement	68	68	1	false
admin/app/(dashboard)/writing/[taskId]/page.tsx	65	445	381	4	FirstStatement	69	69	1	false
admin/app/(dashboard)/writing/[taskId]/page.tsx	65	445	381	5	FirstStatement	70	70	1	false
admin/app/(dashboard)/writing/[taskId]/page.tsx	65	445	381	6	FirstStatement	71	71	1	false
admin/app/(dashboard)/writing/[taskId]/page.tsx	65	445	381	7	FirstStatement	72	72	1	false
admin/app/(dashboard)/writing/[taskId]/page.tsx	65	445	381	8	FirstStatement	73	73	1	false
admin/app/(dashboard)/writing/[taskId]/page.tsx	65	445	381	9	FirstStatement	74	74	1	false
admin/app/(dashboard)/writing/[taskId]/page.tsx	65	445	381	10	FirstStatement	76	94	19	false
admin/app/(dashboard)/writing/[taskId]/page.tsx	65	445	381	11	ExpressionStatement	96	98	3	false
admin/app/(dashboard)/writing/[taskId]/page.tsx	65	445	381	12	FunctionDeclaration	100	114	15	false
admin/app/(dashboard)/writing/[taskId]/page.tsx	65	445	381	13	FunctionDeclaration	116	127	12	false
admin/app/(dashboard)/writing/[taskId]/page.tsx	65	445	381	14	IfStatement	129	131	3	false
admin/app/(dashboard)/writing/[taskId]/page.tsx	65	445	381	15	IfStatement	133	149	17	false
admin/app/(dashboard)/writing/[taskId]/page.tsx	65	445	381	16	FirstStatement	151	151	1	false
admin/app/(dashboard)/writing/[taskId]/page.tsx	65	445	381	17	ReturnStatement	153	444	292	true
admin/app/(dashboard)/writing/submissions/[submissionId]/page.tsx	52	364	313	1	FirstStatement	53	53	1	false
admin/app/(dashboard)/writing/submissions/[submissionId]/page.tsx	52	364	313	2	FirstStatement	54	54	1	false
admin/app/(dashboard)/writing/submissions/[submissionId]/page.tsx	52	364	313	3	FirstStatement	55	55	1	false
admin/app/(dashboard)/writing/submissions/[submissionId]/page.tsx	52	364	313	4	FirstStatement	56	56	1	false
admin/app/(dashboard)/writing/submissions/[submissionId]/page.tsx	52	364	313	5	FirstStatement	57	57	1	false
admin/app/(dashboard)/writing/submissions/[submissionId]/page.tsx	52	364	313	6	FirstStatement	59	71	13	false
admin/app/(dashboard)/writing/submissions/[submissionId]/page.tsx	52	364	313	7	ExpressionStatement	73	75	3	false
admin/app/(dashboard)/writing/submissions/[submissionId]/page.tsx	52	364	313	8	FunctionDeclaration	77	90	14	false
admin/app/(dashboard)/writing/submissions/[submissionId]/page.tsx	52	364	313	9	IfStatement	92	94	3	false
admin/app/(dashboard)/writing/submissions/[submissionId]/page.tsx	52	364	313	10	IfStatement	96	112	17	false
admin/app/(dashboard)/writing/submissions/[submissionId]/page.tsx	52	364	313	11	FirstStatement	114	114	1	false
admin/app/(dashboard)/writing/submissions/[submissionId]/page.tsx	52	364	313	12	ReturnStatement	116	363	248	true
frontend/app/admin/(panel)/tests/page.tsx	56	401	346	1	FirstStatement	57	57	1	false
frontend/app/admin/(panel)/tests/page.tsx	56	401	346	2	FirstStatement	58	58	1	false
frontend/app/admin/(panel)/tests/page.tsx	56	401	346	3	FirstStatement	59	59	1	false
frontend/app/admin/(panel)/tests/page.tsx	56	401	346	4	FirstStatement	60	60	1	false
frontend/app/admin/(panel)/tests/page.tsx	56	401	346	5	FirstStatement	61	61	1	false
frontend/app/admin/(panel)/tests/page.tsx	56	401	346	6	FirstStatement	62	62	1	false
frontend/app/admin/(panel)/tests/page.tsx	56	401	346	7	FirstStatement	63	63	1	false
frontend/app/admin/(panel)/tests/page.tsx	56	401	346	8	FirstStatement	64	64	1	false
frontend/app/admin/(panel)/tests/page.tsx	56	401	346	9	FirstStatement	65	65	1	false
frontend/app/admin/(panel)/tests/page.tsx	56	401	346	10	FirstStatement	66	66	1	false
frontend/app/admin/(panel)/tests/page.tsx	56	401	346	11	FirstStatement	68	81	14	false
frontend/app/admin/(panel)/tests/page.tsx	56	401	346	12	ExpressionStatement	83	85	3	false
frontend/app/admin/(panel)/tests/page.tsx	56	401	346	13	FirstStatement	87	91	5	false
frontend/app/admin/(panel)/tests/page.tsx	56	401	346	14	FirstStatement	93	93	1	false
frontend/app/admin/(panel)/tests/page.tsx	56	401	346	15	FirstStatement	95	101	7	false
frontend/app/admin/(panel)/tests/page.tsx	56	401	346	16	FirstStatement	103	110	8	false
frontend/app/admin/(panel)/tests/page.tsx	56	401	346	17	FirstStatement	112	136	25	false
frontend/app/admin/(panel)/tests/page.tsx	56	401	346	18	FirstStatement	138	162	25	false
frontend/app/admin/(panel)/tests/page.tsx	56	401	346	19	FirstStatement	164	168	5	false
frontend/app/admin/(panel)/tests/page.tsx	56	401	346	20	FirstStatement	170	173	4	false
frontend/app/admin/(panel)/tests/page.tsx	56	401	346	21	IfStatement	175	185	11	false
frontend/app/admin/(panel)/tests/page.tsx	56	401	346	22	ReturnStatement	187	400	214	true
admin/app/(dashboard)/dashboard/page.tsx	58	360	303	1	FirstStatement	63	63	1	false
admin/app/(dashboard)/dashboard/page.tsx	58	360	303	2	FirstStatement	64	64	1	false
admin/app/(dashboard)/dashboard/page.tsx	58	360	303	3	ReturnStatement	66	359	294	true
admin/app/(dashboard)/analytics/page.tsx	12	329	318	1	FirstStatement	17	17	1	false
admin/app/(dashboard)/analytics/page.tsx	12	329	318	2	ReturnStatement	19	328	310	true
frontend/app/(app)/tests/practice-catalog-utils.ts	275	306	32	1	FirstStatement	290	290	1	false
frontend/app/(app)/tests/practice-catalog-utils.ts	275	306	32	2	ReturnStatement	292	305	14	false
